[debug] [2026-07-31T16:13:38.659Z] ----------------------------------------------------------------------
[debug] [2026-07-31T16:13:38.660Z] Command:       /Users/connorroane/.nvm/versions/node/v25.5.0/bin/node /Users/connorroane/.nvm/versions/node/v25.5.0/bin/firebase emulators:start --import=./emulator-data/dev-seed --only auth,functions,firestore
[debug] [2026-07-31T16:13:38.660Z] CLI Version:   15.6.0
[debug] [2026-07-31T16:13:38.660Z] Platform:      darwin
[debug] [2026-07-31T16:13:38.660Z] Node Version:  v25.5.0
[debug] [2026-07-31T16:13:38.660Z] Time:          Fri Jul 31 2026 09:13:38 GMT-0700 (Pacific Daylight Time)
[debug] [2026-07-31T16:13:38.660Z] ----------------------------------------------------------------------
[debug] 
[debug] [2026-07-31T16:13:39.104Z] > command requires scopes: ["email","openid","https://www.googleapis.com/auth/cloudplatformprojects.readonly","https://www.googleapis.com/auth/firebase","https://www.googleapis.com/auth/cloud-platform"]
[debug] [2026-07-31T16:13:39.104Z] > authorizing via signed-in user (schmittage@gmail.com)
[debug] [2026-07-31T16:13:39.244Z] java version "24.0.2" 2025-07-15

[debug] [2026-07-31T16:13:39.245Z] Java(TM) SE Runtime Environment (build 24.0.2+12-54)
Java HotSpot(TM) 64-Bit Server VM (build 24.0.2+12-54, mixed mode, sharing)

[debug] [2026-07-31T16:13:39.247Z] Parsed Java major version: 24
[info] i  emulators: Starting emulators: auth, functions, firestore {"metadata":{"emulator":{"name":"hub"},"message":"Starting emulators: auth, functions, firestore"}}
[debug] [2026-07-31T16:13:39.608Z] [logging] Logging Emulator only supports listening on one address (127.0.0.1). Not listening on ::1
[debug] [2026-07-31T16:13:39.609Z] [auth] Authentication Emulator only supports listening on one address (127.0.0.1). Not listening on ::1
[debug] [2026-07-31T16:13:39.609Z] [firestore] Firestore Emulator only supports listening on one address (127.0.0.1). Not listening on ::1
[debug] [2026-07-31T16:13:39.609Z] [firestore.websocket] websocket server for firestore only supports listening on one address (127.0.0.1). Not listening on ::1
[debug] [2026-07-31T16:13:39.609Z] assigned listening specs for emulators {"user":{"hub":[{"address":"127.0.0.1","family":"IPv4","port":4400},{"address":"::1","family":"IPv6","port":4400}],"ui":[{"address":"127.0.0.1","family":"IPv4","port":3005},{"address":"::1","family":"IPv6","port":3005}],"logging":[{"address":"127.0.0.1","family":"IPv4","port":4500}],"auth":[{"address":"127.0.0.1","family":"IPv4","port":9099}],"firestore":[{"address":"127.0.0.1","family":"IPv4","port":8080}],"firestore.websocket":[{"address":"127.0.0.1","family":"IPv4","port":9150}]},"metadata":{"message":"assigned listening specs for emulators"}}
[debug] [2026-07-31T16:13:39.610Z] Write emulator hub locator at /var/folders/0j/0x7k9j6s4m72t45k_gg2jmk00000gn/T/hub-soup-pick-em.json
[debug] [2026-07-31T16:13:39.788Z] [functions] Functions Emulator only supports listening on one address (127.0.0.1). Not listening on ::1
[debug] [2026-07-31T16:13:39.788Z] [eventarc] Eventarc Emulator only supports listening on one address (127.0.0.1). Not listening on ::1
[debug] [2026-07-31T16:13:39.788Z] [tasks] Cloud Tasks Emulator only supports listening on one address (127.0.0.1). Not listening on ::1
[debug] [2026-07-31T16:13:39.788Z] late-assigned ports for functions and eventarc emulators {"user":{"hub":[{"address":"127.0.0.1","family":"IPv4","port":4400},{"address":"::1","family":"IPv6","port":4400}],"ui":[{"address":"127.0.0.1","family":"IPv4","port":3005},{"address":"::1","family":"IPv6","port":3005}],"logging":[{"address":"127.0.0.1","family":"IPv4","port":4500}],"auth":[{"address":"127.0.0.1","family":"IPv4","port":9099}],"firestore":[{"address":"127.0.0.1","family":"IPv4","port":8080}],"firestore.websocket":[{"address":"127.0.0.1","family":"IPv4","port":9150}],"functions":[{"address":"127.0.0.1","family":"IPv4","port":5001}],"eventarc":[{"address":"127.0.0.1","family":"IPv4","port":9299}],"tasks":[{"address":"127.0.0.1","family":"IPv4","port":9499}]},"metadata":{"message":"late-assigned ports for functions and eventarc emulators"}}
[warn] ⚠  functions: The following emulators are not running, calls to these services from the Functions emulator will affect production: apphosting, database, hosting, pubsub, storage, dataconnect {"metadata":{"emulator":{"name":"functions"},"message":"The following emulators are not running, calls to these services from the Functions emulator will affect production: \u001b[1mapphosting, database, hosting, pubsub, storage, dataconnect\u001b[22m"}}
[debug] [2026-07-31T16:13:39.793Z] defaultcredentials: writing to file /Users/connorroane/.config/firebase/schmittage_gmail_com_application_default_credentials.json
[debug] [2026-07-31T16:13:39.793Z] Setting GAC to /Users/connorroane/.config/firebase/schmittage_gmail_com_application_default_credentials.json {"metadata":{"emulator":{"name":"functions"},"message":"Setting GAC to /Users/connorroane/.config/firebase/schmittage_gmail_com_application_default_credentials.json"}}
[debug] [2026-07-31T16:13:39.794Z] Checked if tokens are valid: true, expires at: 1785517007156
[debug] [2026-07-31T16:13:39.794Z] Checked if tokens are valid: true, expires at: 1785517007156
[debug] [2026-07-31T16:13:39.794Z] >>> [apiv2][query] GET https://firebase.googleapis.com/v1beta1/projects/soup-pick-em/adminSdkConfig [none]
[debug] [2026-07-31T16:13:40.033Z] <<< [apiv2][status] GET https://firebase.googleapis.com/v1beta1/projects/soup-pick-em/adminSdkConfig 200
[debug] [2026-07-31T16:13:40.034Z] <<< [apiv2][body] GET https://firebase.googleapis.com/v1beta1/projects/soup-pick-em/adminSdkConfig {"projectId":"soup-pick-em","storageBucket":"soup-pick-em.firebasestorage.app"}
[info] i  firestore: Importing data from /Users/connorroane/Documents/Projects/soup-pick-em/emulator-data/dev-seed/firestore_export/firestore_export.overall_export_metadata {"metadata":{"emulator":{"name":"firestore"},"message":"Importing data from /Users/connorroane/Documents/Projects/soup-pick-em/emulator-data/dev-seed/firestore_export/firestore_export.overall_export_metadata"}}
[debug] [2026-07-31T16:13:40.053Z] Ignoring unsupported arg: auto_download {"metadata":{"emulator":{"name":"firestore"},"message":"Ignoring unsupported arg: auto_download"}}
[debug] [2026-07-31T16:13:40.053Z] Ignoring unsupported arg: single_project_mode_error {"metadata":{"emulator":{"name":"firestore"},"message":"Ignoring unsupported arg: single_project_mode_error"}}
[debug] [2026-07-31T16:13:40.053Z] Starting Firestore Emulator with command {"binary":"java","args":["-Dgoogle.cloud_firestore.debug_log_level=FINE","-Duser.language=en","-jar","/Users/connorroane/.cache/firebase/emulators/cloud-firestore-emulator-v1.20.2.jar","--host","127.0.0.1","--port",8080,"--websocket_port",9150,"--project_id","soup-pick-em","--seed_from_export","/Users/connorroane/Documents/Projects/soup-pick-em/emulator-data/dev-seed/firestore_export/firestore_export.overall_export_metadata","--rules","/Users/connorroane/Documents/Projects/soup-pick-em/firestore.rules","--single_project_mode",true,"--functions_emulator","127.0.0.1:5001"],"optionalArgs":["port","webchannel_port","host","rules","websocket_port","functions_emulator","seed_from_export","project_id","single_project_mode"],"joinArgs":false,"shell":false,"port":8080} {"metadata":{"emulator":{"name":"firestore"},"message":"Starting Firestore Emulator with command {\"binary\":\"java\",\"args\":[\"-Dgoogle.cloud_firestore.debug_log_level=FINE\",\"-Duser.language=en\",\"-jar\",\"/Users/connorroane/.cache/firebase/emulators/cloud-firestore-emulator-v1.20.2.jar\",\"--host\",\"127.0.0.1\",\"--port\",8080,\"--websocket_port\",9150,\"--project_id\",\"soup-pick-em\",\"--seed_from_export\",\"/Users/connorroane/Documents/Projects/soup-pick-em/emulator-data/dev-seed/firestore_export/firestore_export.overall_export_metadata\",\"--rules\",\"/Users/connorroane/Documents/Projects/soup-pick-em/firestore.rules\",\"--single_project_mode\",true,\"--functions_emulator\",\"127.0.0.1:5001\"],\"optionalArgs\":[\"port\",\"webchannel_port\",\"host\",\"rules\",\"websocket_port\",\"functions_emulator\",\"seed_from_export\",\"project_id\",\"single_project_mode\"],\"joinArgs\":false,\"shell\":false,\"port\":8080}"}}
[info] i  firestore: Firestore Emulator logging to firestore-debug.log {"metadata":{"emulator":{"name":"firestore"},"message":"Firestore Emulator logging to \u001b[1mfirestore-debug.log\u001b[22m"}}
[debug] [2026-07-31T16:13:40.313Z] WARNING: A terminally deprecated method in sun.misc.Unsafe has been called
WARNING: sun.misc.Unsafe::arrayBaseOffset has been called by com.google.protobuf.UnsafeUtil$MemoryAccessor (file:/Users/connorroane/.cache/firebase/emulators/cloud-firestore-emulator-v1.20.2.jar)
WARNING: Please consider reporting this to the maintainers of class com.google.protobuf.UnsafeUtil$MemoryAccessor
WARNING: sun.misc.Unsafe::arrayBaseOffset will be removed in a future release
 {"metadata":{"emulator":{"name":"firestore"},"message":"WARNING: A terminally deprecated method in sun.misc.Unsafe has been called\nWARNING: sun.misc.Unsafe::arrayBaseOffset has been called by com.google.protobuf.UnsafeUtil$MemoryAccessor (file:/Users/connorroane/.cache/firebase/emulators/cloud-firestore-emulator-v1.20.2.jar)\nWARNING: Please consider reporting this to the maintainers of class com.google.protobuf.UnsafeUtil$MemoryAccessor\nWARNING: sun.misc.Unsafe::arrayBaseOffset will be removed in a future release\n"}}
[debug] [2026-07-31T16:13:40.618Z] Jul 31, 2026 9:13:40 AM com.google.cloud.datastore.emulator.firestore.websocket.WebSocketServer start
INFO: Started WebSocket server on ws://127.0.0.1:9150
 {"metadata":{"emulator":{"name":"firestore"},"message":"Jul 31, 2026 9:13:40 AM com.google.cloud.datastore.emulator.firestore.websocket.WebSocketServer start\nINFO: Started WebSocket server on ws://127.0.0.1:9150\n"}}
[debug] [2026-07-31T16:13:40.626Z] API endpoint: http:// {"metadata":{"emulator":{"name":"firestore"},"message":"API endpoint: http://"}}
[debug] [2026-07-31T16:13:40.626Z] 127.0.0.1:8080
If you are using a library that supports the FIRESTORE_EMULATOR_HOST environment variable, run:

   export FIRESTORE_EMULATOR_HOST=127.0.0.1:8080

If you are running a Firestore in Datastore Mode project, run:

   export DATASTORE_EMULATOR_HOST=127.0.0.1:8080

Note: Support for Datastore Mode is in preview. If you encounter any bugs please file at https://github.com/firebase/firebase-tools/issues.
Dev App Server is now running.

 {"metadata":{"emulator":{"name":"firestore"},"message":"127.0.0.1:8080\nIf you are using a library that supports the FIRESTORE_EMULATOR_HOST environment variable, run:\n\n   export FIRESTORE_EMULATOR_HOST=127.0.0.1:8080\n\nIf you are running a Firestore in Datastore Mode project, run:\n\n   export DATASTORE_EMULATOR_HOST=127.0.0.1:8080\n\nNote: Support for Datastore Mode is in preview. If you encounter any bugs please file at https://github.com/firebase/firebase-tools/issues.\nDev App Server is now running.\n\n"}}
[info] ✔  firestore: Firestore Emulator UI websocket is running on 9150. {"metadata":{"emulator":{"name":"firestore"},"message":"Firestore Emulator UI websocket is running on 9150."}}
[info] i  auth: Importing config from /Users/connorroane/Documents/Projects/soup-pick-em/emulator-data/dev-seed/auth_export/config.json {"metadata":{"emulator":{"name":"auth"},"message":"Importing config from /Users/connorroane/Documents/Projects/soup-pick-em/emulator-data/dev-seed/auth_export/config.json"}}
[info] i  auth: Importing accounts from /Users/connorroane/Documents/Projects/soup-pick-em/emulator-data/dev-seed/auth_export/accounts.json {"metadata":{"emulator":{"name":"auth"},"message":"Importing accounts from /Users/connorroane/Documents/Projects/soup-pick-em/emulator-data/dev-seed/auth_export/accounts.json"}}
[info] i  functions: Watching "/Users/connorroane/Documents/Projects/soup-pick-em/functions" for Cloud Functions... {"metadata":{"emulator":{"name":"functions"},"message":"Watching \"/Users/connorroane/Documents/Projects/soup-pick-em/functions\" for Cloud Functions..."}}
[debug] [2026-07-31T16:13:42.321Z] Validating nodejs source
[warn] ⚠  functions: package.json indicates an outdated version of firebase-functions. Please upgrade using npm install --save firebase-functions@latest in your functions directory. 
[warn] ⚠  functions: Please note that there will be breaking changes when you upgrade. 
[debug] [2026-07-31T16:13:42.868Z] > [functions] package.json contents: {
  "name": "functions",
  "description": "Cloud Functions for Soup Pick Em",
  "scripts": {
    "lint": "eslint --ext .js,.ts .",
    "build": "tsc",
    "build:watch": "tsc --watch",
    "serve": "npm run build && firebase emulators:start --only functions",
    "shell": "npm run build && firebase functions:shell",
    "start": "npm run shell",
    "deploy": "firebase deploy --only functions",
    "logs": "firebase functions:log"
  },
  "engines": {
    "node": "22"
  },
  "main": "lib/index.js",
  "dependencies": {
    "cfbd": "^5.13.2",
    "firebase-admin": "^13.6.0",
    "firebase-functions": "6.4.0"
  },
  "devDependencies": {
    "@types/node": "^22.18.1",
    "@typescript-eslint/eslint-plugin": "^5.12.0",
    "@typescript-eslint/parser": "^5.12.0",
    "eslint": "^8.9.0",
    "eslint-config-google": "^0.14.0",
    "eslint-plugin-import": "^2.25.4",
    "firebase-functions-test": "^3.1.0",
    "typescript": "^4.9.5"
  },
  "private": true
}
[debug] [2026-07-31T16:13:42.868Z] Building nodejs source
[debug] [2026-07-31T16:13:42.868Z] Failed to find version of module node: reached end of search path /Users/connorroane/Documents/Projects/soup-pick-em/functions/node_modules
[warn] ⚠  functions: Your requested "node" version "22" doesn't match your global version "25". Using node@25 from host. 
[debug] [2026-07-31T16:13:42.871Z] Could not find functions.yaml. Must use http discovery
[debug] [2026-07-31T16:13:42.881Z] Found firebase-functions binary at '/Users/connorroane/Documents/Projects/soup-pick-em/functions/node_modules/.bin/firebase-functions'
[info] Serving at port 8807

[debug] [2026-07-31T16:13:43.272Z] Got response from /__/functions.yaml {"endpoints":{"updateScores":{"availableMemoryMb":null,"timeoutSeconds":null,"minInstances":null,"maxInstances":null,"ingressSettings":null,"concurrency":null,"serviceAccountEmail":null,"vpc":null,"platform":"gcfv2","labels":{},"scheduleTrigger":{"schedule":"00 12 * * TUE","retryConfig":{"retryCount":null,"maxDoublings":null,"maxRetrySeconds":null,"minBackoffSeconds":null,"maxBackoffSeconds":null},"timeZone":null},"entryPoint":"updateScores"}},"specVersion":"v1alpha1","requiredAPIs":[{"api":"cloudscheduler.googleapis.com","reason":"Needed for scheduled functions."}],"extensions":{}}
[debug] [2026-07-31T16:13:45.732Z] Jul 31, 2026 9:13:45 AM io.gapi.emulators.netty.HttpVersionRoutingHandler channelRead
INFO: Detected non-HTTP/2 connection.
 {"metadata":{"emulator":{"name":"firestore"},"message":"Jul 31, 2026 9:13:45 AM io.gapi.emulators.netty.HttpVersionRoutingHandler channelRead\nINFO: Detected non-HTTP/2 connection.\n"}}
[debug] [2026-07-31T16:13:46.304Z] Jul 31, 2026 9:13:46 AM io.gapi.emulators.netty.HttpVersionRoutingHandler channelRead
INFO: Detected non-HTTP/2 connection.
 {"metadata":{"emulator":{"name":"firestore"},"message":"Jul 31, 2026 9:13:46 AM io.gapi.emulators.netty.HttpVersionRoutingHandler channelRead\nINFO: Detected non-HTTP/2 connection.\n"}}
[debug] [2026-07-31T16:13:46.305Z] Jul 31, 2026 9:13:46 AM io.gapi.emulators.netty.HttpVersionRoutingHandler channelRead
INFO: Detected non-HTTP/2 connection.
 {"metadata":{"emulator":{"name":"firestore"},"message":"Jul 31, 2026 9:13:46 AM io.gapi.emulators.netty.HttpVersionRoutingHandler channelRead\nINFO: Detected non-HTTP/2 connection.\n"}}
[debug] [2026-07-31T16:13:46.338Z] Jul 31, 2026 9:13:46 AM io.gapi.emulators.netty.HttpVersionRoutingHandler channelRead
INFO: Detected non-HTTP/2 connection.
 {"metadata":{"emulator":{"name":"firestore"},"message":"Jul 31, 2026 9:13:46 AM io.gapi.emulators.netty.HttpVersionRoutingHandler channelRead\nINFO: Detected non-HTTP/2 connection.\n"}}
[debug] [2026-07-31T16:13:46.353Z] Jul 31, 2026 9:13:46 AM io.gapi.emulators.netty.HttpVersionRoutingHandler channelRead
INFO: Detected non-HTTP/2 connection.
 {"metadata":{"emulator":{"name":"firestore"},"message":"Jul 31, 2026 9:13:46 AM io.gapi.emulators.netty.HttpVersionRoutingHandler channelRead\nINFO: Detected non-HTTP/2 connection.\n"}}
[debug] [2026-07-31T16:13:46.418Z] Jul 31, 2026 9:13:46 AM io.gapi.emulators.netty.HttpVersionRoutingHandler channelRead
INFO: Detected non-HTTP/2 connection.
 {"metadata":{"emulator":{"name":"firestore"},"message":"Jul 31, 2026 9:13:46 AM io.gapi.emulators.netty.HttpVersionRoutingHandler channelRead\nINFO: Detected non-HTTP/2 connection.\n"}}
[debug] [2026-07-31T16:13:46.431Z] Jul 31, 2026 9:13:46 AM io.gapi.emulators.netty.HttpVersionRoutingHandler channelRead
INFO: Detected non-HTTP/2 connection.
 {"metadata":{"emulator":{"name":"firestore"},"message":"Jul 31, 2026 9:13:46 AM io.gapi.emulators.netty.HttpVersionRoutingHandler channelRead\nINFO: Detected non-HTTP/2 connection.\n"}}
[debug] [2026-07-31T16:13:46.442Z] Jul 31, 2026 9:13:46 AM io.gapi.emulators.netty.HttpVersionRoutingHandler channelRead
INFO: Detected non-HTTP/2 connection.
 {"metadata":{"emulator":{"name":"firestore"},"message":"Jul 31, 2026 9:13:46 AM io.gapi.emulators.netty.HttpVersionRoutingHandler channelRead\nINFO: Detected non-HTTP/2 connection.\n"}}
[debug] [2026-07-31T16:13:46.461Z] Jul 31, 2026 9:13:46 AM io.gapi.emulators.netty.HttpVersionRoutingHandler channelRead
INFO: Detected non-HTTP/2 connection.
 {"metadata":{"emulator":{"name":"firestore"},"message":"Jul 31, 2026 9:13:46 AM io.gapi.emulators.netty.HttpVersionRoutingHandler channelRead\nINFO: Detected non-HTTP/2 connection.\n"}}
[debug] [2026-07-31T16:13:46.474Z] Jul 31, 2026 9:13:46 AM io.gapi.emulators.netty.HttpVersionRoutingHandler channelRead
INFO: Detected non-HTTP/2 connection.
 {"metadata":{"emulator":{"name":"firestore"},"message":"Jul 31, 2026 9:13:46 AM io.gapi.emulators.netty.HttpVersionRoutingHandler channelRead\nINFO: Detected non-HTTP/2 connection.\n"}}
[debug] [2026-07-31T16:13:46.479Z] Jul 31, 2026 9:13:46 AM io.gapi.emulators.netty.HttpVersionRoutingHandler channelRead
INFO: Detected non-HTTP/2 connection.
 {"metadata":{"emulator":{"name":"firestore"},"message":"Jul 31, 2026 9:13:46 AM io.gapi.emulators.netty.HttpVersionRoutingHandler channelRead\nINFO: Detected non-HTTP/2 connection.\n"}}
[debug] [2026-07-31T16:13:46.490Z] Jul 31, 2026 9:13:46 AM io.gapi.emulators.netty.HttpVersionRoutingHandler channelRead
INFO: Detected non-HTTP/2 connection.
 {"metadata":{"emulator":{"name":"firestore"},"message":"Jul 31, 2026 9:13:46 AM io.gapi.emulators.netty.HttpVersionRoutingHandler channelRead\nINFO: Detected non-HTTP/2 connection.\n"}}
[debug] [2026-07-31T16:13:46.498Z] Jul 31, 2026 9:13:46 AM io.gapi.emulators.netty.HttpVersionRoutingHandler channelRead
INFO: Detected non-HTTP/2 connection.
 {"metadata":{"emulator":{"name":"firestore"},"message":"Jul 31, 2026 9:13:46 AM io.gapi.emulators.netty.HttpVersionRoutingHandler channelRead\nINFO: Detected non-HTTP/2 connection.\n"}}
[debug] [2026-07-31T16:13:46.502Z] Jul 31, 2026 9:13:46 AM io.gapi.emulators.netty.HttpVersionRoutingHandler channelRead
INFO: Detected non-HTTP/2 connection.
 {"metadata":{"emulator":{"name":"firestore"},"message":"Jul 31, 2026 9:13:46 AM io.gapi.emulators.netty.HttpVersionRoutingHandler channelRead\nINFO: Detected non-HTTP/2 connection.\n"}}
[debug] [2026-07-31T16:13:46.522Z] Jul 31, 2026 9:13:46 AM io.gapi.emulators.netty.HttpVersionRoutingHandler channelRead
INFO: Detected non-HTTP/2 connection.
 {"metadata":{"emulator":{"name":"firestore"},"message":"Jul 31, 2026 9:13:46 AM io.gapi.emulators.netty.HttpVersionRoutingHandler channelRead\nINFO: Detected non-HTTP/2 connection.\n"}}
[debug] [2026-07-31T16:13:46.535Z] Jul 31, 2026 9:13:46 AM io.gapi.emulators.netty.HttpVersionRoutingHandler channelRead
INFO: Detected non-HTTP/2 connection.
 {"metadata":{"emulator":{"name":"firestore"},"message":"Jul 31, 2026 9:13:46 AM io.gapi.emulators.netty.HttpVersionRoutingHandler channelRead\nINFO: Detected non-HTTP/2 connection.\n"}}
[debug] [2026-07-31T16:13:46.541Z] Jul 31, 2026 9:13:46 AM io.gapi.emulators.netty.HttpVersionRoutingHandler channelRead
INFO: Detected non-HTTP/2 connection.
 {"metadata":{"emulator":{"name":"firestore"},"message":"Jul 31, 2026 9:13:46 AM io.gapi.emulators.netty.HttpVersionRoutingHandler channelRead\nINFO: Detected non-HTTP/2 connection.\n"}}
[debug] [2026-07-31T16:13:46.552Z] Jul 31, 2026 9:13:46 AM io.gapi.emulators.netty.HttpVersionRoutingHandler channelRead
INFO: Detected non-HTTP/2 connection.
 {"metadata":{"emulator":{"name":"firestore"},"message":"Jul 31, 2026 9:13:46 AM io.gapi.emulators.netty.HttpVersionRoutingHandler channelRead\nINFO: Detected non-HTTP/2 connection.\n"}}
[debug] [2026-07-31T16:13:46.564Z] Jul 31, 2026 9:13:46 AM io.gapi.emulators.netty.HttpVersionRoutingHandler channelRead
INFO: Detected non-HTTP/2 connection.
 {"metadata":{"emulator":{"name":"firestore"},"message":"Jul 31, 2026 9:13:46 AM io.gapi.emulators.netty.HttpVersionRoutingHandler channelRead\nINFO: Detected non-HTTP/2 connection.\n"}}
[debug] [2026-07-31T16:13:46.573Z] Jul 31, 2026 9:13:46 AM io.gapi.emulators.netty.HttpVersionRoutingHandler channelRead
INFO: Detected non-HTTP/2 connection.
 {"metadata":{"emulator":{"name":"firestore"},"message":"Jul 31, 2026 9:13:46 AM io.gapi.emulators.netty.HttpVersionRoutingHandler channelRead\nINFO: Detected non-HTTP/2 connection.\n"}}
[info] ✔  functions: Loaded functions definitions from source: updateScores. {"metadata":{"emulator":{"name":"functions"},"message":"Loaded functions definitions from source: updateScores."}}
[info] i  functions[us-central1-updateScores]: function ignored because the pubsub emulator does not exist or is not running. {"metadata":{"emulator":{"name":"functions"},"message":"function ignored because the pubsub emulator does not exist or is not running."}}
[debug] [2026-07-31T16:13:47.303Z] Could not find VSCode notification endpoint: FetchError: request to http://localhost:40001/vscode/notify failed, reason: . If you are not running the Firebase Data Connect VSCode extension, this is expected and not an issue.
[info] 
┌─────────────────────────────────────────────────────────────┐
│ ✔  All emulators ready! It is now safe to connect your app. │
│ i  View Emulator UI at http://127.0.0.1:3005/               │
└─────────────────────────────────────────────────────────────┘

┌────────────────┬────────────────┬─────────────────────────────────┐
│ Emulator       │ Host:Port      │ View in Emulator UI             │
├────────────────┼────────────────┼─────────────────────────────────┤
│ Authentication │ 127.0.0.1:9099 │ http://127.0.0.1:3005/auth      │
├────────────────┼────────────────┼─────────────────────────────────┤
│ Functions      │ 127.0.0.1:5001 │ http://127.0.0.1:3005/functions │
├────────────────┼────────────────┼─────────────────────────────────┤
│ Firestore      │ 127.0.0.1:8080 │ http://127.0.0.1:3005/firestore │
└────────────────┴────────────────┴─────────────────────────────────┘
  Emulator Hub host: 127.0.0.1 port: 4400
  Other reserved ports: 4500, 9150

Issues? Report them at https://github.com/firebase/firebase-tools/issues and attach the *-debug.log files.
 
[debug] [2026-07-31T16:13:58.265Z] Jul 31, 2026 9:13:58 AM io.gapi.emulators.netty.HttpVersionRoutingHandler channelRead
INFO: Detected non-HTTP/2 connection.
 {"metadata":{"emulator":{"name":"firestore"},"message":"Jul 31, 2026 9:13:58 AM io.gapi.emulators.netty.HttpVersionRoutingHandler channelRead\nINFO: Detected non-HTTP/2 connection.\n"}}
[debug] [2026-07-31T16:13:58.279Z] Jul 31, 2026 9:13:58 AM io.gapi.emulators.netty.HttpVersionRoutingHandler channelRead
INFO: Detected non-HTTP/2 connection.
 {"metadata":{"emulator":{"name":"firestore"},"message":"Jul 31, 2026 9:13:58 AM io.gapi.emulators.netty.HttpVersionRoutingHandler channelRead\nINFO: Detected non-HTTP/2 connection.\n"}}
[debug] [2026-07-31T16:13:58.472Z] Jul 31, 2026 9:13:58 AM io.gapi.emulators.netty.HttpVersionRoutingHandler channelRead
INFO: Detected HTTP/2 connection.
 {"metadata":{"emulator":{"name":"firestore"},"message":"Jul 31, 2026 9:13:58 AM io.gapi.emulators.netty.HttpVersionRoutingHandler channelRead\nINFO: Detected HTTP/2 connection.\n"}}
[debug] [2026-07-31T16:14:09.365Z] Jul 31, 2026 9:14:09 AM io.gapi.emulators.netty.HttpVersionRoutingHandler channelRead
INFO: Detected non-HTTP/2 connection.
 {"metadata":{"emulator":{"name":"firestore"},"message":"Jul 31, 2026 9:14:09 AM io.gapi.emulators.netty.HttpVersionRoutingHandler channelRead\nINFO: Detected non-HTTP/2 connection.\n"}}
[debug] [2026-07-31T16:14:09.373Z] Jul 31, 2026 9:14:09 AM io.gapi.emulators.netty.HttpVersionRoutingHandler channelRead
INFO: Detected non-HTTP/2 connection.
 {"metadata":{"emulator":{"name":"firestore"},"message":"Jul 31, 2026 9:14:09 AM io.gapi.emulators.netty.HttpVersionRoutingHandler channelRead\nINFO: Detected non-HTTP/2 connection.\n"}}
[debug] [2026-07-31T16:14:09.383Z] Jul 31, 2026 9:14:09 AM io.gapi.emulators.netty.HttpVersionRoutingHandler channelRead
INFO: Detected non-HTTP/2 connection.
 {"metadata":{"emulator":{"name":"firestore"},"message":"Jul 31, 2026 9:14:09 AM io.gapi.emulators.netty.HttpVersionRoutingHandler channelRead\nINFO: Detected non-HTTP/2 connection.\n"}}
[debug] [2026-07-31T16:14:09.400Z] Jul 31, 2026 9:14:09 AM io.gapi.emulators.netty.HttpVersionRoutingHandler channelRead
INFO: Detected non-HTTP/2 connection.
 {"metadata":{"emulator":{"name":"firestore"},"message":"Jul 31, 2026 9:14:09 AM io.gapi.emulators.netty.HttpVersionRoutingHandler channelRead\nINFO: Detected non-HTTP/2 connection.\n"}}
[debug] [2026-07-31T16:14:09.406Z] Jul 31, 2026 9:14:09 AM io.gapi.emulators.netty.HttpVersionRoutingHandler channelRead
INFO: Detected non-HTTP/2 connection.
 {"metadata":{"emulator":{"name":"firestore"},"message":"Jul 31, 2026 9:14:09 AM io.gapi.emulators.netty.HttpVersionRoutingHandler channelRead\nINFO: Detected non-HTTP/2 connection.\n"}}
[debug] [2026-07-31T16:14:09.414Z] Jul 31, 2026 9:14:09 AM io.gapi.emulators.netty.HttpVersionRoutingHandler channelRead
INFO: Detected non-HTTP/2 connection.
 {"metadata":{"emulator":{"name":"firestore"},"message":"Jul 31, 2026 9:14:09 AM io.gapi.emulators.netty.HttpVersionRoutingHandler channelRead\nINFO: Detected non-HTTP/2 connection.\n"}}
[debug] [2026-07-31T16:14:12.352Z] Jul 31, 2026 9:14:12 AM io.gapi.emulators.netty.HttpVersionRoutingHandler channelRead
INFO: Detected non-HTTP/2 connection.
 {"metadata":{"emulator":{"name":"firestore"},"message":"Jul 31, 2026 9:14:12 AM io.gapi.emulators.netty.HttpVersionRoutingHandler channelRead\nINFO: Detected non-HTTP/2 connection.\n"}}
[debug] [2026-07-31T16:14:12.371Z] Jul 31, 2026 9:14:12 AM io.gapi.emulators.netty.HttpVersionRoutingHandler channelRead
INFO: Detected non-HTTP/2 connection.
 {"metadata":{"emulator":{"name":"firestore"},"message":"Jul 31, 2026 9:14:12 AM io.gapi.emulators.netty.HttpVersionRoutingHandler channelRead\nINFO: Detected non-HTTP/2 connection.\n"}}
[debug] [2026-07-31T16:14:12.400Z] Jul 31, 2026 9:14:12 AM io.gapi.emulators.netty.HttpVersionRoutingHandler channelRead
INFO: Detected non-HTTP/2 connection.
 {"metadata":{"emulator":{"name":"firestore"},"message":"Jul 31, 2026 9:14:12 AM io.gapi.emulators.netty.HttpVersionRoutingHandler channelRead\nINFO: Detected non-HTTP/2 connection.\n"}}
[debug] [2026-07-31T16:14:12.416Z] Jul 31, 2026 9:14:12 AM io.gapi.emulators.netty.HttpVersionRoutingHandler channelRead
INFO: Detected non-HTTP/2 connection.
 {"metadata":{"emulator":{"name":"firestore"},"message":"Jul 31, 2026 9:14:12 AM io.gapi.emulators.netty.HttpVersionRoutingHandler channelRead\nINFO: Detected non-HTTP/2 connection.\n"}}
[debug] [2026-07-31T16:14:12.432Z] Jul 31, 2026 9:14:12 AM io.gapi.emulators.netty.HttpVersionRoutingHandler channelRead
INFO: Detected non-HTTP/2 connection.
 {"metadata":{"emulator":{"name":"firestore"},"message":"Jul 31, 2026 9:14:12 AM io.gapi.emulators.netty.HttpVersionRoutingHandler channelRead\nINFO: Detected non-HTTP/2 connection.\n"}}
[debug] [2026-07-31T16:14:12.435Z] Jul 31, 2026 9:14:12 AM io.gapi.emulators.netty.HttpVersionRoutingHandler channelRead
INFO: Detected non-HTTP/2 connection.
 {"metadata":{"emulator":{"name":"firestore"},"message":"Jul 31, 2026 9:14:12 AM io.gapi.emulators.netty.HttpVersionRoutingHandler channelRead\nINFO: Detected non-HTTP/2 connection.\n"}}
[debug] [2026-07-31T16:14:12.444Z] Jul 31, 2026 9:14:12 AM io.gapi.emulators.netty.HttpVersionRoutingHandler channelRead
INFO: Detected non-HTTP/2 connection.
 {"metadata":{"emulator":{"name":"firestore"},"message":"Jul 31, 2026 9:14:12 AM io.gapi.emulators.netty.HttpVersionRoutingHandler channelRead\nINFO: Detected non-HTTP/2 connection.\n"}}
[debug] [2026-07-31T16:14:12.447Z] Jul 31, 2026 9:14:12 AM io.gapi.emulators.netty.HttpVersionRoutingHandler channelRead
INFO: Detected non-HTTP/2 connection.
 {"metadata":{"emulator":{"name":"firestore"},"message":"Jul 31, 2026 9:14:12 AM io.gapi.emulators.netty.HttpVersionRoutingHandler channelRead\nINFO: Detected non-HTTP/2 connection.\n"}}
[debug] [2026-07-31T16:14:12.458Z] Jul 31, 2026 9:14:12 AM io.gapi.emulators.netty.HttpVersionRoutingHandler channelRead
INFO: Detected non-HTTP/2 connection.
 {"metadata":{"emulator":{"name":"firestore"},"message":"Jul 31, 2026 9:14:12 AM io.gapi.emulators.netty.HttpVersionRoutingHandler channelRead\nINFO: Detected non-HTTP/2 connection.\n"}}
[debug] [2026-07-31T16:14:12.461Z] Jul 31, 2026 9:14:12 AM io.gapi.emulators.netty.HttpVersionRoutingHandler channelRead
INFO: Detected non-HTTP/2 connection.
 {"metadata":{"emulator":{"name":"firestore"},"message":"Jul 31, 2026 9:14:12 AM io.gapi.emulators.netty.HttpVersionRoutingHandler channelRead\nINFO: Detected non-HTTP/2 connection.\n"}}
[debug] [2026-07-31T16:14:12.468Z] Jul 31, 2026 9:14:12 AM io.gapi.emulators.netty.HttpVersionRoutingHandler channelRead
INFO: Detected non-HTTP/2 connection.
 {"metadata":{"emulator":{"name":"firestore"},"message":"Jul 31, 2026 9:14:12 AM io.gapi.emulators.netty.HttpVersionRoutingHandler channelRead\nINFO: Detected non-HTTP/2 connection.\n"}}
[debug] [2026-07-31T16:14:12.471Z] Jul 31, 2026 9:14:12 AM io.gapi.emulators.netty.HttpVersionRoutingHandler channelRead
INFO: Detected non-HTTP/2 connection.
 {"metadata":{"emulator":{"name":"firestore"},"message":"Jul 31, 2026 9:14:12 AM io.gapi.emulators.netty.HttpVersionRoutingHandler channelRead\nINFO: Detected non-HTTP/2 connection.\n"}}
[debug] [2026-07-31T16:14:12.478Z] Jul 31, 2026 9:14:12 AM io.gapi.emulators.netty.HttpVersionRoutingHandler channelRead
INFO: Detected non-HTTP/2 connection.
 {"metadata":{"emulator":{"name":"firestore"},"message":"Jul 31, 2026 9:14:12 AM io.gapi.emulators.netty.HttpVersionRoutingHandler channelRead\nINFO: Detected non-HTTP/2 connection.\n"}}
[debug] [2026-07-31T16:14:12.490Z] Jul 31, 2026 9:14:12 AM io.gapi.emulators.netty.HttpVersionRoutingHandler channelRead
INFO: Detected non-HTTP/2 connection.
 {"metadata":{"emulator":{"name":"firestore"},"message":"Jul 31, 2026 9:14:12 AM io.gapi.emulators.netty.HttpVersionRoutingHandler channelRead\nINFO: Detected non-HTTP/2 connection.\n"}}
[debug] [2026-07-31T16:14:12.492Z] Jul 31, 2026 9:14:12 AM io.gapi.emulators.netty.HttpVersionRoutingHandler channelRead
INFO: Detected non-HTTP/2 connection.
 {"metadata":{"emulator":{"name":"firestore"},"message":"Jul 31, 2026 9:14:12 AM io.gapi.emulators.netty.HttpVersionRoutingHandler channelRead\nINFO: Detected non-HTTP/2 connection.\n"}}
[debug] [2026-07-31T16:14:12.504Z] Jul 31, 2026 9:14:12 AM io.gapi.emulators.netty.HttpVersionRoutingHandler channelRead
INFO: Detected non-HTTP/2 connection.
 {"metadata":{"emulator":{"name":"firestore"},"message":"Jul 31, 2026 9:14:12 AM io.gapi.emulators.netty.HttpVersionRoutingHandler channelRead\nINFO: Detected non-HTTP/2 connection.\n"}}
[debug] [2026-07-31T16:14:12.506Z] Jul 31, 2026 9:14:12 AM io.gapi.emulators.netty.HttpVersionRoutingHandler channelRead
INFO: Detected non-HTTP/2 connection.
 {"metadata":{"emulator":{"name":"firestore"},"message":"Jul 31, 2026 9:14:12 AM io.gapi.emulators.netty.HttpVersionRoutingHandler channelRead\nINFO: Detected non-HTTP/2 connection.\n"}}
[debug] [2026-07-31T16:14:12.516Z] Jul 31, 2026 9:14:12 AM io.gapi.emulators.netty.HttpVersionRoutingHandler channelRead
INFO: Detected non-HTTP/2 connection.
 {"metadata":{"emulator":{"name":"firestore"},"message":"Jul 31, 2026 9:14:12 AM io.gapi.emulators.netty.HttpVersionRoutingHandler channelRead\nINFO: Detected non-HTTP/2 connection.\n"}}
[debug] [2026-07-31T16:14:12.519Z] Jul 31, 2026 9:14:12 AM io.gapi.emulators.netty.HttpVersionRoutingHandler channelRead
INFO: Detected non-HTTP/2 connection.
 {"metadata":{"emulator":{"name":"firestore"},"message":"Jul 31, 2026 9:14:12 AM io.gapi.emulators.netty.HttpVersionRoutingHandler channelRead\nINFO: Detected non-HTTP/2 connection.\n"}}
[debug] [2026-07-31T16:14:12.530Z] Jul 31, 2026 9:14:12 AM io.gapi.emulators.netty.HttpVersionRoutingHandler channelRead
INFO: Detected non-HTTP/2 connection.
 {"metadata":{"emulator":{"name":"firestore"},"message":"Jul 31, 2026 9:14:12 AM io.gapi.emulators.netty.HttpVersionRoutingHandler channelRead\nINFO: Detected non-HTTP/2 connection.\n"}}
[debug] [2026-07-31T16:14:13.015Z] Jul 31, 2026 9:14:13 AM io.gapi.emulators.netty.HttpVersionRoutingHandler channelRead
INFO: Detected non-HTTP/2 connection.
 {"metadata":{"emulator":{"name":"firestore"},"message":"Jul 31, 2026 9:14:13 AM io.gapi.emulators.netty.HttpVersionRoutingHandler channelRead\nINFO: Detected non-HTTP/2 connection.\n"}}
[debug] [2026-07-31T16:14:13.032Z] Jul 31, 2026 9:14:13 AM io.gapi.emulators.netty.HttpVersionRoutingHandler channelRead
INFO: Detected non-HTTP/2 connection.
 {"metadata":{"emulator":{"name":"firestore"},"message":"Jul 31, 2026 9:14:13 AM io.gapi.emulators.netty.HttpVersionRoutingHandler channelRead\nINFO: Detected non-HTTP/2 connection.\n"}}
[debug] [2026-07-31T16:14:13.051Z] Jul 31, 2026 9:14:13 AM io.gapi.emulators.netty.HttpVersionRoutingHandler channelRead
INFO: Detected non-HTTP/2 connection.
 {"metadata":{"emulator":{"name":"firestore"},"message":"Jul 31, 2026 9:14:13 AM io.gapi.emulators.netty.HttpVersionRoutingHandler channelRead\nINFO: Detected non-HTTP/2 connection.\n"}}
[debug] [2026-07-31T16:14:13.057Z] Jul 31, 2026 9:14:13 AM io.gapi.emulators.netty.HttpVersionRoutingHandler channelRead
INFO: Detected non-HTTP/2 connection.
 {"metadata":{"emulator":{"name":"firestore"},"message":"Jul 31, 2026 9:14:13 AM io.gapi.emulators.netty.HttpVersionRoutingHandler channelRead\nINFO: Detected non-HTTP/2 connection.\n"}}
[debug] [2026-07-31T16:14:13.064Z] Jul 31, 2026 9:14:13 AM io.gapi.emulators.netty.HttpVersionRoutingHandler channelRead
INFO: Detected non-HTTP/2 connection.
 {"metadata":{"emulator":{"name":"firestore"},"message":"Jul 31, 2026 9:14:13 AM io.gapi.emulators.netty.HttpVersionRoutingHandler channelRead\nINFO: Detected non-HTTP/2 connection.\n"}}
[debug] [2026-07-31T16:14:13.680Z] Jul 31, 2026 9:14:13 AM io.gapi.emulators.netty.HttpVersionRoutingHandler channelRead
INFO: Detected non-HTTP/2 connection.
 {"metadata":{"emulator":{"name":"firestore"},"message":"Jul 31, 2026 9:14:13 AM io.gapi.emulators.netty.HttpVersionRoutingHandler channelRead\nINFO: Detected non-HTTP/2 connection.\n"}}
[debug] [2026-07-31T16:14:13.692Z] Jul 31, 2026 9:14:13 AM io.gapi.emulators.netty.HttpVersionRoutingHandler channelRead
INFO: Detected non-HTTP/2 connection.
 {"metadata":{"emulator":{"name":"firestore"},"message":"Jul 31, 2026 9:14:13 AM io.gapi.emulators.netty.HttpVersionRoutingHandler channelRead\nINFO: Detected non-HTTP/2 connection.\n"}}
[debug] [2026-07-31T16:14:13.717Z] Jul 31, 2026 9:14:13 AM io.gapi.emulators.netty.HttpVersionRoutingHandler channelRead
INFO: Detected non-HTTP/2 connection.
 {"metadata":{"emulator":{"name":"firestore"},"message":"Jul 31, 2026 9:14:13 AM io.gapi.emulators.netty.HttpVersionRoutingHandler channelRead\nINFO: Detected non-HTTP/2 connection.\n"}}
[debug] [2026-07-31T16:14:13.729Z] Jul 31, 2026 9:14:13 AM io.gapi.emulators.netty.HttpVersionRoutingHandler channelRead
INFO: Detected non-HTTP/2 connection.
 {"metadata":{"emulator":{"name":"firestore"},"message":"Jul 31, 2026 9:14:13 AM io.gapi.emulators.netty.HttpVersionRoutingHandler channelRead\nINFO: Detected non-HTTP/2 connection.\n"}}
[debug] [2026-07-31T16:14:13.745Z] Jul 31, 2026 9:14:13 AM io.gapi.emulators.netty.HttpVersionRoutingHandler channelRead
INFO: Detected non-HTTP/2 connection.
 {"metadata":{"emulator":{"name":"firestore"},"message":"Jul 31, 2026 9:14:13 AM io.gapi.emulators.netty.HttpVersionRoutingHandler channelRead\nINFO: Detected non-HTTP/2 connection.\n"}}
[debug] [2026-07-31T16:14:13.750Z] Jul 31, 2026 9:14:13 AM io.gapi.emulators.netty.HttpVersionRoutingHandler channelRead
INFO: Detected non-HTTP/2 connection.
 {"metadata":{"emulator":{"name":"firestore"},"message":"Jul 31, 2026 9:14:13 AM io.gapi.emulators.netty.HttpVersionRoutingHandler channelRead\nINFO: Detected non-HTTP/2 connection.\n"}}
[debug] [2026-07-31T16:14:13.759Z] Jul 31, 2026 9:14:13 AM io.gapi.emulators.netty.HttpVersionRoutingHandler channelRead
INFO: Detected non-HTTP/2 connection.
 {"metadata":{"emulator":{"name":"firestore"},"message":"Jul 31, 2026 9:14:13 AM io.gapi.emulators.netty.HttpVersionRoutingHandler channelRead\nINFO: Detected non-HTTP/2 connection.\n"}}
[debug] [2026-07-31T16:14:13.762Z] Jul 31, 2026 9:14:13 AM io.gapi.emulators.netty.HttpVersionRoutingHandler channelRead
INFO: Detected non-HTTP/2 connection.
 {"metadata":{"emulator":{"name":"firestore"},"message":"Jul 31, 2026 9:14:13 AM io.gapi.emulators.netty.HttpVersionRoutingHandler channelRead\nINFO: Detected non-HTTP/2 connection.\n"}}
[debug] [2026-07-31T16:14:13.773Z] Jul 31, 2026 9:14:13 AM io.gapi.emulators.netty.HttpVersionRoutingHandler channelRead
INFO: Detected non-HTTP/2 connection.
 {"metadata":{"emulator":{"name":"firestore"},"message":"Jul 31, 2026 9:14:13 AM io.gapi.emulators.netty.HttpVersionRoutingHandler channelRead\nINFO: Detected non-HTTP/2 connection.\n"}}
[debug] [2026-07-31T16:14:13.777Z] Jul 31, 2026 9:14:13 AM io.gapi.emulators.netty.HttpVersionRoutingHandler channelRead
INFO: Detected non-HTTP/2 connection.
 {"metadata":{"emulator":{"name":"firestore"},"message":"Jul 31, 2026 9:14:13 AM io.gapi.emulators.netty.HttpVersionRoutingHandler channelRead\nINFO: Detected non-HTTP/2 connection.\n"}}
[debug] [2026-07-31T16:14:13.783Z] Jul 31, 2026 9:14:13 AM io.gapi.emulators.netty.HttpVersionRoutingHandler channelRead
INFO: Detected non-HTTP/2 connection.
 {"metadata":{"emulator":{"name":"firestore"},"message":"Jul 31, 2026 9:14:13 AM io.gapi.emulators.netty.HttpVersionRoutingHandler channelRead\nINFO: Detected non-HTTP/2 connection.\n"}}
[debug] [2026-07-31T16:14:13.785Z] Jul 31, 2026 9:14:13 AM io.gapi.emulators.netty.HttpVersionRoutingHandler channelRead
INFO: Detected non-HTTP/2 connection.
 {"metadata":{"emulator":{"name":"firestore"},"message":"Jul 31, 2026 9:14:13 AM io.gapi.emulators.netty.HttpVersionRoutingHandler channelRead\nINFO: Detected non-HTTP/2 connection.\n"}}
[debug] [2026-07-31T16:14:13.790Z] Jul 31, 2026 9:14:13 AM io.gapi.emulators.netty.HttpVersionRoutingHandler channelRead
INFO: Detected non-HTTP/2 connection.
 {"metadata":{"emulator":{"name":"firestore"},"message":"Jul 31, 2026 9:14:13 AM io.gapi.emulators.netty.HttpVersionRoutingHandler channelRead\nINFO: Detected non-HTTP/2 connection.\n"}}
[debug] [2026-07-31T16:14:13.792Z] Jul 31, 2026 9:14:13 AM io.gapi.emulators.netty.HttpVersionRoutingHandler channelRead
INFO: Detected non-HTTP/2 connection.
 {"metadata":{"emulator":{"name":"firestore"},"message":"Jul 31, 2026 9:14:13 AM io.gapi.emulators.netty.HttpVersionRoutingHandler channelRead\nINFO: Detected non-HTTP/2 connection.\n"}}
[debug] [2026-07-31T16:14:13.802Z] Jul 31, 2026 9:14:13 AM io.gapi.emulators.netty.HttpVersionRoutingHandler channelRead
INFO: Detected non-HTTP/2 connection.
 {"metadata":{"emulator":{"name":"firestore"},"message":"Jul 31, 2026 9:14:13 AM io.gapi.emulators.netty.HttpVersionRoutingHandler channelRead\nINFO: Detected non-HTTP/2 connection.\n"}}
[debug] [2026-07-31T16:14:13.804Z] Jul 31, 2026 9:14:13 AM io.gapi.emulators.netty.HttpVersionRoutingHandler channelRead
INFO: Detected non-HTTP/2 connection.
 {"metadata":{"emulator":{"name":"firestore"},"message":"Jul 31, 2026 9:14:13 AM io.gapi.emulators.netty.HttpVersionRoutingHandler channelRead\nINFO: Detected non-HTTP/2 connection.\n"}}
[debug] [2026-07-31T16:14:13.813Z] Jul 31, 2026 9:14:13 AM io.gapi.emulators.netty.HttpVersionRoutingHandler channelRead
INFO: Detected non-HTTP/2 connection.
 {"metadata":{"emulator":{"name":"firestore"},"message":"Jul 31, 2026 9:14:13 AM io.gapi.emulators.netty.HttpVersionRoutingHandler channelRead\nINFO: Detected non-HTTP/2 connection.\n"}}
[debug] [2026-07-31T16:14:13.815Z] Jul 31, 2026 9:14:13 AM io.gapi.emulators.netty.HttpVersionRoutingHandler channelRead
INFO: Detected non-HTTP/2 connection.
 {"metadata":{"emulator":{"name":"firestore"},"message":"Jul 31, 2026 9:14:13 AM io.gapi.emulators.netty.HttpVersionRoutingHandler channelRead\nINFO: Detected non-HTTP/2 connection.\n"}}
[debug] [2026-07-31T16:14:13.822Z] Jul 31, 2026 9:14:13 AM io.gapi.emulators.netty.HttpVersionRoutingHandler channelRead
INFO: Detected non-HTTP/2 connection.
 {"metadata":{"emulator":{"name":"firestore"},"message":"Jul 31, 2026 9:14:13 AM io.gapi.emulators.netty.HttpVersionRoutingHandler channelRead\nINFO: Detected non-HTTP/2 connection.\n"}}
[debug] [2026-07-31T16:14:13.825Z] Jul 31, 2026 9:14:13 AM io.gapi.emulators.netty.HttpVersionRoutingHandler channelRead
INFO: Detected non-HTTP/2 connection.
 {"metadata":{"emulator":{"name":"firestore"},"message":"Jul 31, 2026 9:14:13 AM io.gapi.emulators.netty.HttpVersionRoutingHandler channelRead\nINFO: Detected non-HTTP/2 connection.\n"}}
[debug] [2026-07-31T16:14:13.834Z] Jul 31, 2026 9:14:13 AM io.gapi.emulators.netty.HttpVersionRoutingHandler channelRead
INFO: Detected non-HTTP/2 connection.
 {"metadata":{"emulator":{"name":"firestore"},"message":"Jul 31, 2026 9:14:13 AM io.gapi.emulators.netty.HttpVersionRoutingHandler channelRead\nINFO: Detected non-HTTP/2 connection.\n"}}
[debug] [2026-07-31T16:14:14.052Z] Jul 31, 2026 9:14:14 AM io.gapi.emulators.netty.HttpVersionRoutingHandler channelRead
INFO: Detected non-HTTP/2 connection.
 {"metadata":{"emulator":{"name":"firestore"},"message":"Jul 31, 2026 9:14:14 AM io.gapi.emulators.netty.HttpVersionRoutingHandler channelRead\nINFO: Detected non-HTTP/2 connection.\n"}}
[debug] [2026-07-31T16:14:14.067Z] Jul 31, 2026 9:14:14 AM io.gapi.emulators.netty.HttpVersionRoutingHandler channelRead
INFO: Detected non-HTTP/2 connection.
 {"metadata":{"emulator":{"name":"firestore"},"message":"Jul 31, 2026 9:14:14 AM io.gapi.emulators.netty.HttpVersionRoutingHandler channelRead\nINFO: Detected non-HTTP/2 connection.\n"}}
[debug] [2026-07-31T16:14:14.086Z] Jul 31, 2026 9:14:14 AM io.gapi.emulators.netty.HttpVersionRoutingHandler channelRead
INFO: Detected non-HTTP/2 connection.
 {"metadata":{"emulator":{"name":"firestore"},"message":"Jul 31, 2026 9:14:14 AM io.gapi.emulators.netty.HttpVersionRoutingHandler channelRead\nINFO: Detected non-HTTP/2 connection.\n"}}
[debug] [2026-07-31T16:14:14.090Z] Jul 31, 2026 9:14:14 AM io.gapi.emulators.netty.HttpVersionRoutingHandler channelRead
INFO: Detected non-HTTP/2 connection.
 {"metadata":{"emulator":{"name":"firestore"},"message":"Jul 31, 2026 9:14:14 AM io.gapi.emulators.netty.HttpVersionRoutingHandler channelRead\nINFO: Detected non-HTTP/2 connection.\n"}}
[debug] [2026-07-31T16:14:14.098Z] Jul 31, 2026 9:14:14 AM io.gapi.emulators.netty.HttpVersionRoutingHandler channelRead
INFO: Detected non-HTTP/2 connection.
 {"metadata":{"emulator":{"name":"firestore"},"message":"Jul 31, 2026 9:14:14 AM io.gapi.emulators.netty.HttpVersionRoutingHandler channelRead\nINFO: Detected non-HTTP/2 connection.\n"}}
[debug] [2026-07-31T16:14:17.112Z] Jul 31, 2026 9:14:17 AM io.gapi.emulators.netty.HttpVersionRoutingHandler channelRead
INFO: Detected non-HTTP/2 connection.
 {"metadata":{"emulator":{"name":"firestore"},"message":"Jul 31, 2026 9:14:17 AM io.gapi.emulators.netty.HttpVersionRoutingHandler channelRead\nINFO: Detected non-HTTP/2 connection.\n"}}
[debug] [2026-07-31T16:14:17.374Z] Jul 31, 2026 9:14:17 AM io.gapi.emulators.netty.HttpVersionRoutingHandler channelRead
INFO: Detected non-HTTP/2 connection.
 {"metadata":{"emulator":{"name":"firestore"},"message":"Jul 31, 2026 9:14:17 AM io.gapi.emulators.netty.HttpVersionRoutingHandler channelRead\nINFO: Detected non-HTTP/2 connection.\n"}}
[debug] [2026-07-31T16:14:17.384Z] Jul 31, 2026 9:14:17 AM io.gapi.emulators.netty.HttpVersionRoutingHandler channelRead
INFO: Detected non-HTTP/2 connection.
 {"metadata":{"emulator":{"name":"firestore"},"message":"Jul 31, 2026 9:14:17 AM io.gapi.emulators.netty.HttpVersionRoutingHandler channelRead\nINFO: Detected non-HTTP/2 connection.\n"}}
[debug] [2026-07-31T16:14:17.389Z] Jul 31, 2026 9:14:17 AM io.gapi.emulators.netty.HttpVersionRoutingHandler channelRead
INFO: Detected non-HTTP/2 connection.
 {"metadata":{"emulator":{"name":"firestore"},"message":"Jul 31, 2026 9:14:17 AM io.gapi.emulators.netty.HttpVersionRoutingHandler channelRead\nINFO: Detected non-HTTP/2 connection.\n"}}
[debug] [2026-07-31T16:14:17.396Z] Jul 31, 2026 9:14:17 AM io.gapi.emulators.netty.HttpVersionRoutingHandler channelRead
INFO: Detected non-HTTP/2 connection.
 {"metadata":{"emulator":{"name":"firestore"},"message":"Jul 31, 2026 9:14:17 AM io.gapi.emulators.netty.HttpVersionRoutingHandler channelRead\nINFO: Detected non-HTTP/2 connection.\n"}}
[debug] [2026-07-31T16:14:17.412Z] Jul 31, 2026 9:14:17 AM io.gapi.emulators.netty.HttpVersionRoutingHandler channelRead
INFO: Detected non-HTTP/2 connection.
 {"metadata":{"emulator":{"name":"firestore"},"message":"Jul 31, 2026 9:14:17 AM io.gapi.emulators.netty.HttpVersionRoutingHandler channelRead\nINFO: Detected non-HTTP/2 connection.\n"}}
[debug] [2026-07-31T16:14:17.419Z] Jul 31, 2026 9:14:17 AM io.gapi.emulators.netty.HttpVersionRoutingHandler channelRead
INFO: Detected non-HTTP/2 connection.
 {"metadata":{"emulator":{"name":"firestore"},"message":"Jul 31, 2026 9:14:17 AM io.gapi.emulators.netty.HttpVersionRoutingHandler channelRead\nINFO: Detected non-HTTP/2 connection.\n"}}
[debug] [2026-07-31T16:14:17.432Z] Jul 31, 2026 9:14:17 AM io.gapi.emulators.netty.HttpVersionRoutingHandler channelRead
INFO: Detected non-HTTP/2 connection.
 {"metadata":{"emulator":{"name":"firestore"},"message":"Jul 31, 2026 9:14:17 AM io.gapi.emulators.netty.HttpVersionRoutingHandler channelRead\nINFO: Detected non-HTTP/2 connection.\n"}}
[debug] [2026-07-31T16:14:17.444Z] Jul 31, 2026 9:14:17 AM io.gapi.emulators.netty.HttpVersionRoutingHandler channelRead
INFO: Detected non-HTTP/2 connection.
 {"metadata":{"emulator":{"name":"firestore"},"message":"Jul 31, 2026 9:14:17 AM io.gapi.emulators.netty.HttpVersionRoutingHandler channelRead\nINFO: Detected non-HTTP/2 connection.\n"}}
[debug] [2026-07-31T16:14:22.458Z] Jul 31, 2026 9:14:22 AM io.gapi.emulators.netty.HttpVersionRoutingHandler channelRead
INFO: Detected non-HTTP/2 connection.
 {"metadata":{"emulator":{"name":"firestore"},"message":"Jul 31, 2026 9:14:22 AM io.gapi.emulators.netty.HttpVersionRoutingHandler channelRead\nINFO: Detected non-HTTP/2 connection.\n"}}
[debug] [2026-07-31T16:14:22.471Z] Jul 31, 2026 9:14:22 AM io.gapi.emulators.netty.HttpVersionRoutingHandler channelRead
INFO: Detected non-HTTP/2 connection.
 {"metadata":{"emulator":{"name":"firestore"},"message":"Jul 31, 2026 9:14:22 AM io.gapi.emulators.netty.HttpVersionRoutingHandler channelRead\nINFO: Detected non-HTTP/2 connection.\n"}}
[debug] [2026-07-31T16:14:22.479Z] Jul 31, 2026 9:14:22 AM io.gapi.emulators.netty.HttpVersionRoutingHandler channelRead
INFO: Detected non-HTTP/2 connection.
 {"metadata":{"emulator":{"name":"firestore"},"message":"Jul 31, 2026 9:14:22 AM io.gapi.emulators.netty.HttpVersionRoutingHandler channelRead\nINFO: Detected non-HTTP/2 connection.\n"}}
[debug] [2026-07-31T16:14:22.493Z] Jul 31, 2026 9:14:22 AM io.gapi.emulators.netty.HttpVersionRoutingHandler channelRead
INFO: Detected non-HTTP/2 connection.
 {"metadata":{"emulator":{"name":"firestore"},"message":"Jul 31, 2026 9:14:22 AM io.gapi.emulators.netty.HttpVersionRoutingHandler channelRead\nINFO: Detected non-HTTP/2 connection.\n"}}
[debug] [2026-07-31T16:14:22.497Z] Jul 31, 2026 9:14:22 AM io.gapi.emulators.netty.HttpVersionRoutingHandler channelRead
INFO: Detected non-HTTP/2 connection.
 {"metadata":{"emulator":{"name":"firestore"},"message":"Jul 31, 2026 9:14:22 AM io.gapi.emulators.netty.HttpVersionRoutingHandler channelRead\nINFO: Detected non-HTTP/2 connection.\n"}}
[debug] [2026-07-31T16:14:22.502Z] Jul 31, 2026 9:14:22 AM io.gapi.emulators.netty.HttpVersionRoutingHandler channelRead
INFO: Detected non-HTTP/2 connection.
 {"metadata":{"emulator":{"name":"firestore"},"message":"Jul 31, 2026 9:14:22 AM io.gapi.emulators.netty.HttpVersionRoutingHandler channelRead\nINFO: Detected non-HTTP/2 connection.\n"}}
[debug] [2026-07-31T16:14:38.141Z] Jul 31, 2026 9:14:38 AM io.gapi.emulators.netty.HttpVersionRoutingHandler channelRead
INFO: Detected non-HTTP/2 connection.
 {"metadata":{"emulator":{"name":"firestore"},"message":"Jul 31, 2026 9:14:38 AM io.gapi.emulators.netty.HttpVersionRoutingHandler channelRead\nINFO: Detected non-HTTP/2 connection.\n"}}
[debug] [2026-07-31T16:14:38.146Z] Jul 31, 2026 9:14:38 AM io.gapi.emulators.netty.HttpVersionRoutingHandler channelRead
INFO: Detected non-HTTP/2 connection.
 {"metadata":{"emulator":{"name":"firestore"},"message":"Jul 31, 2026 9:14:38 AM io.gapi.emulators.netty.HttpVersionRoutingHandler channelRead\nINFO: Detected non-HTTP/2 connection.\n"}}
[debug] [2026-07-31T16:14:38.152Z] Jul 31, 2026 9:14:38 AM io.gapi.emulators.netty.HttpVersionRoutingHandler channelRead
INFO: Detected non-HTTP/2 connection.
 {"metadata":{"emulator":{"name":"firestore"},"message":"Jul 31, 2026 9:14:38 AM io.gapi.emulators.netty.HttpVersionRoutingHandler channelRead\nINFO: Detected non-HTTP/2 connection.\n"}}
[debug] [2026-07-31T16:14:38.156Z] Jul 31, 2026 9:14:38 AM io.gapi.emulators.netty.HttpVersionRoutingHandler channelRead
INFO: Detected non-HTTP/2 connection.
 {"metadata":{"emulator":{"name":"firestore"},"message":"Jul 31, 2026 9:14:38 AM io.gapi.emulators.netty.HttpVersionRoutingHandler channelRead\nINFO: Detected non-HTTP/2 connection.\n"}}
[debug] [2026-07-31T16:15:08.161Z] Jul 31, 2026 9:15:08 AM io.gapi.emulators.netty.HttpVersionRoutingHandler channelRead
INFO: Detected non-HTTP/2 connection.
 {"metadata":{"emulator":{"name":"firestore"},"message":"Jul 31, 2026 9:15:08 AM io.gapi.emulators.netty.HttpVersionRoutingHandler channelRead\nINFO: Detected non-HTTP/2 connection.\n"}}
[debug] [2026-07-31T16:15:38.521Z] Jul 31, 2026 9:15:38 AM io.gapi.emulators.netty.HttpVersionRoutingHandler channelRead
INFO: Detected non-HTTP/2 connection.
 {"metadata":{"emulator":{"name":"firestore"},"message":"Jul 31, 2026 9:15:38 AM io.gapi.emulators.netty.HttpVersionRoutingHandler channelRead\nINFO: Detected non-HTTP/2 connection.\n"}}
[debug] [2026-07-31T16:15:38.525Z] Jul 31, 2026 9:15:38 AM com.google.cloud.datastore.emulator.firestore.webchannel.FirestoreV1WebChannelAdapter$FirestoreListenHandler onClose
INFO: channel closed
 {"metadata":{"emulator":{"name":"firestore"},"message":"Jul 31, 2026 9:15:38 AM com.google.cloud.datastore.emulator.firestore.webchannel.FirestoreV1WebChannelAdapter$FirestoreListenHandler onClose\nINFO: channel closed\n"}}
[debug] [2026-07-31T16:15:51.516Z] Jul 31, 2026 9:15:51 AM io.gapi.emulators.netty.HttpVersionRoutingHandler channelRead
INFO: Detected non-HTTP/2 connection.
 {"metadata":{"emulator":{"name":"firestore"},"message":"Jul 31, 2026 9:15:51 AM io.gapi.emulators.netty.HttpVersionRoutingHandler channelRead\nINFO: Detected non-HTTP/2 connection.\n"}}
[debug] [2026-07-31T16:15:51.533Z] Jul 31, 2026 9:15:51 AM io.gapi.emulators.netty.HttpVersionRoutingHandler channelRead
INFO: Detected non-HTTP/2 connection.
 {"metadata":{"emulator":{"name":"firestore"},"message":"Jul 31, 2026 9:15:51 AM io.gapi.emulators.netty.HttpVersionRoutingHandler channelRead\nINFO: Detected non-HTTP/2 connection.\n"}}
[debug] [2026-07-31T16:15:51.539Z] Jul 31, 2026 9:15:51 AM io.gapi.emulators.netty.HttpVersionRoutingHandler channelRead
INFO: Detected non-HTTP/2 connection.
 {"metadata":{"emulator":{"name":"firestore"},"message":"Jul 31, 2026 9:15:51 AM io.gapi.emulators.netty.HttpVersionRoutingHandler channelRead\nINFO: Detected non-HTTP/2 connection.\n"}}
[debug] [2026-07-31T16:15:51.543Z] Jul 31, 2026 9:15:51 AM io.gapi.emulators.netty.HttpVersionRoutingHandler channelRead
INFO: Detected non-HTTP/2 connection.
 {"metadata":{"emulator":{"name":"firestore"},"message":"Jul 31, 2026 9:15:51 AM io.gapi.emulators.netty.HttpVersionRoutingHandler channelRead\nINFO: Detected non-HTTP/2 connection.\n"}}
[debug] [2026-07-31T16:15:51.551Z] Jul 31, 2026 9:15:51 AM io.gapi.emulators.netty.HttpVersionRoutingHandler channelRead
INFO: Detected non-HTTP/2 connection.
 {"metadata":{"emulator":{"name":"firestore"},"message":"Jul 31, 2026 9:15:51 AM io.gapi.emulators.netty.HttpVersionRoutingHandler channelRead\nINFO: Detected non-HTTP/2 connection.\n"}}
[debug] [2026-07-31T16:15:54.084Z] Jul 31, 2026 9:15:54 AM io.gapi.emulators.netty.HttpVersionRoutingHandler channelRead
INFO: Detected non-HTTP/2 connection.
 {"metadata":{"emulator":{"name":"firestore"},"message":"Jul 31, 2026 9:15:54 AM io.gapi.emulators.netty.HttpVersionRoutingHandler channelRead\nINFO: Detected non-HTTP/2 connection.\n"}}
[debug] [2026-07-31T16:15:54.093Z] Jul 31, 2026 9:15:54 AM io.gapi.emulators.netty.HttpVersionRoutingHandler channelRead
INFO: Detected non-HTTP/2 connection.
 {"metadata":{"emulator":{"name":"firestore"},"message":"Jul 31, 2026 9:15:54 AM io.gapi.emulators.netty.HttpVersionRoutingHandler channelRead\nINFO: Detected non-HTTP/2 connection.\n"}}
[debug] [2026-07-31T16:15:54.095Z] Jul 31, 2026 9:15:54 AM com.google.cloud.datastore.emulator.firestore.webchannel.FirestoreV1WebChannelAdapter$FirestoreListenHandler onClose
INFO: channel closed
 {"metadata":{"emulator":{"name":"firestore"},"message":"Jul 31, 2026 9:15:54 AM com.google.cloud.datastore.emulator.firestore.webchannel.FirestoreV1WebChannelAdapter$FirestoreListenHandler onClose\nINFO: channel closed\n"}}
[debug] [2026-07-31T16:15:54.097Z] Jul 31, 2026 9:15:54 AM io.gapi.emulators.netty.HttpVersionRoutingHandler channelRead
INFO: Detected non-HTTP/2 connection.
 {"metadata":{"emulator":{"name":"firestore"},"message":"Jul 31, 2026 9:15:54 AM io.gapi.emulators.netty.HttpVersionRoutingHandler channelRead\nINFO: Detected non-HTTP/2 connection.\n"}}
[debug] [2026-07-31T16:15:54.102Z] Jul 31, 2026 9:15:54 AM io.gapi.emulators.netty.HttpVersionRoutingHandler channelRead
INFO: Detected non-HTTP/2 connection.
 {"metadata":{"emulator":{"name":"firestore"},"message":"Jul 31, 2026 9:15:54 AM io.gapi.emulators.netty.HttpVersionRoutingHandler channelRead\nINFO: Detected non-HTTP/2 connection.\n"}}
[debug] [2026-07-31T16:15:54.108Z] Jul 31, 2026 9:15:54 AM io.gapi.emulators.netty.HttpVersionRoutingHandler channelRead
INFO: Detected non-HTTP/2 connection.
 {"metadata":{"emulator":{"name":"firestore"},"message":"Jul 31, 2026 9:15:54 AM io.gapi.emulators.netty.HttpVersionRoutingHandler channelRead\nINFO: Detected non-HTTP/2 connection.\n"}}
[debug] [2026-07-31T16:15:59.171Z] Jul 31, 2026 9:15:59 AM io.gapi.emulators.netty.HttpVersionRoutingHandler channelRead
INFO: Detected non-HTTP/2 connection.
 {"metadata":{"emulator":{"name":"firestore"},"message":"Jul 31, 2026 9:15:59 AM io.gapi.emulators.netty.HttpVersionRoutingHandler channelRead\nINFO: Detected non-HTTP/2 connection.\n"}}
[debug] [2026-07-31T16:15:59.176Z] Jul 31, 2026 9:15:59 AM com.google.cloud.datastore.emulator.firestore.webchannel.FirestoreV1WebChannelAdapter$FirestoreListenHandler onClose
INFO: channel closed
 {"metadata":{"emulator":{"name":"firestore"},"message":"Jul 31, 2026 9:15:59 AM com.google.cloud.datastore.emulator.firestore.webchannel.FirestoreV1WebChannelAdapter$FirestoreListenHandler onClose\nINFO: channel closed\n"}}
[debug] [2026-07-31T16:15:59.178Z] Jul 31, 2026 9:15:59 AM io.gapi.emulators.netty.HttpVersionRoutingHandler channelRead
INFO: Detected non-HTTP/2 connection.
 {"metadata":{"emulator":{"name":"firestore"},"message":"Jul 31, 2026 9:15:59 AM io.gapi.emulators.netty.HttpVersionRoutingHandler channelRead\nINFO: Detected non-HTTP/2 connection.\n"}}
[debug] [2026-07-31T16:15:59.196Z] Jul 31, 2026 9:15:59 AM io.gapi.emulators.netty.HttpVersionRoutingHandler channelRead
INFO: Detected non-HTTP/2 connection.
 {"metadata":{"emulator":{"name":"firestore"},"message":"Jul 31, 2026 9:15:59 AM io.gapi.emulators.netty.HttpVersionRoutingHandler channelRead\nINFO: Detected non-HTTP/2 connection.\n"}}
[debug] [2026-07-31T16:15:59.203Z] Jul 31, 2026 9:15:59 AM io.gapi.emulators.netty.HttpVersionRoutingHandler channelRead
INFO: Detected non-HTTP/2 connection.
 {"metadata":{"emulator":{"name":"firestore"},"message":"Jul 31, 2026 9:15:59 AM io.gapi.emulators.netty.HttpVersionRoutingHandler channelRead\nINFO: Detected non-HTTP/2 connection.\n"}}
[debug] [2026-07-31T16:15:59.214Z] Jul 31, 2026 9:15:59 AM io.gapi.emulators.netty.HttpVersionRoutingHandler channelRead
INFO: Detected non-HTTP/2 connection.
 {"metadata":{"emulator":{"name":"firestore"},"message":"Jul 31, 2026 9:15:59 AM io.gapi.emulators.netty.HttpVersionRoutingHandler channelRead\nINFO: Detected non-HTTP/2 connection.\n"}}
[debug] [2026-07-31T16:15:59.230Z] Jul 31, 2026 9:15:59 AM io.gapi.emulators.netty.HttpVersionRoutingHandler channelRead
INFO: Detected non-HTTP/2 connection.
 {"metadata":{"emulator":{"name":"firestore"},"message":"Jul 31, 2026 9:15:59 AM io.gapi.emulators.netty.HttpVersionRoutingHandler channelRead\nINFO: Detected non-HTTP/2 connection.\n"}}
[debug] [2026-07-31T16:15:59.234Z] Jul 31, 2026 9:15:59 AM io.gapi.emulators.netty.HttpVersionRoutingHandler channelRead
INFO: Detected non-HTTP/2 connection.
 {"metadata":{"emulator":{"name":"firestore"},"message":"Jul 31, 2026 9:15:59 AM io.gapi.emulators.netty.HttpVersionRoutingHandler channelRead\nINFO: Detected non-HTTP/2 connection.\n"}}
[debug] [2026-07-31T16:16:03.670Z] Jul 31, 2026 9:16:03 AM io.gapi.emulators.netty.HttpVersionRoutingHandler channelRead
INFO: Detected non-HTTP/2 connection.
 {"metadata":{"emulator":{"name":"firestore"},"message":"Jul 31, 2026 9:16:03 AM io.gapi.emulators.netty.HttpVersionRoutingHandler channelRead\nINFO: Detected non-HTTP/2 connection.\n"}}
[debug] [2026-07-31T16:16:03.833Z] Jul 31, 2026 9:16:03 AM io.gapi.emulators.netty.HttpVersionRoutingHandler channelRead
INFO: Detected non-HTTP/2 connection.
 {"metadata":{"emulator":{"name":"firestore"},"message":"Jul 31, 2026 9:16:03 AM io.gapi.emulators.netty.HttpVersionRoutingHandler channelRead\nINFO: Detected non-HTTP/2 connection.\n"}}
[debug] [2026-07-31T16:16:03.841Z] Jul 31, 2026 9:16:03 AM io.gapi.emulators.netty.HttpVersionRoutingHandler channelRead
INFO: Detected non-HTTP/2 connection.
 {"metadata":{"emulator":{"name":"firestore"},"message":"Jul 31, 2026 9:16:03 AM io.gapi.emulators.netty.HttpVersionRoutingHandler channelRead\nINFO: Detected non-HTTP/2 connection.\n"}}
[debug] [2026-07-31T16:16:03.846Z] Jul 31, 2026 9:16:03 AM io.gapi.emulators.netty.HttpVersionRoutingHandler channelRead
INFO: Detected non-HTTP/2 connection.
 {"metadata":{"emulator":{"name":"firestore"},"message":"Jul 31, 2026 9:16:03 AM io.gapi.emulators.netty.HttpVersionRoutingHandler channelRead\nINFO: Detected non-HTTP/2 connection.\n"}}
[debug] [2026-07-31T16:16:03.855Z] Jul 31, 2026 9:16:03 AM io.gapi.emulators.netty.HttpVersionRoutingHandler channelRead
INFO: Detected non-HTTP/2 connection.
 {"metadata":{"emulator":{"name":"firestore"},"message":"Jul 31, 2026 9:16:03 AM io.gapi.emulators.netty.HttpVersionRoutingHandler channelRead\nINFO: Detected non-HTTP/2 connection.\n"}}
[debug] [2026-07-31T16:16:03.879Z] Jul 31, 2026 9:16:03 AM io.gapi.emulators.netty.HttpVersionRoutingHandler channelRead
INFO: Detected non-HTTP/2 connection.
 {"metadata":{"emulator":{"name":"firestore"},"message":"Jul 31, 2026 9:16:03 AM io.gapi.emulators.netty.HttpVersionRoutingHandler channelRead\nINFO: Detected non-HTTP/2 connection.\n"}}
[debug] [2026-07-31T16:16:03.884Z] Jul 31, 2026 9:16:03 AM io.gapi.emulators.netty.HttpVersionRoutingHandler channelRead
INFO: Detected non-HTTP/2 connection.
 {"metadata":{"emulator":{"name":"firestore"},"message":"Jul 31, 2026 9:16:03 AM io.gapi.emulators.netty.HttpVersionRoutingHandler channelRead\nINFO: Detected non-HTTP/2 connection.\n"}}
[debug] [2026-07-31T16:16:03.949Z] Jul 31, 2026 9:16:03 AM io.gapi.emulators.netty.HttpVersionRoutingHandler channelRead
INFO: Detected non-HTTP/2 connection.
 {"metadata":{"emulator":{"name":"firestore"},"message":"Jul 31, 2026 9:16:03 AM io.gapi.emulators.netty.HttpVersionRoutingHandler channelRead\nINFO: Detected non-HTTP/2 connection.\n"}}
[debug] [2026-07-31T16:16:03.955Z] Jul 31, 2026 9:16:03 AM io.gapi.emulators.netty.HttpVersionRoutingHandler channelRead
INFO: Detected non-HTTP/2 connection.
 {"metadata":{"emulator":{"name":"firestore"},"message":"Jul 31, 2026 9:16:03 AM io.gapi.emulators.netty.HttpVersionRoutingHandler channelRead\nINFO: Detected non-HTTP/2 connection.\n"}}
[debug] [2026-07-31T16:16:03.962Z] Jul 31, 2026 9:16:03 AM io.gapi.emulators.netty.HttpVersionRoutingHandler channelRead
INFO: Detected non-HTTP/2 connection.
 {"metadata":{"emulator":{"name":"firestore"},"message":"Jul 31, 2026 9:16:03 AM io.gapi.emulators.netty.HttpVersionRoutingHandler channelRead\nINFO: Detected non-HTTP/2 connection.\n"}}
[debug] [2026-07-31T16:16:03.967Z] Jul 31, 2026 9:16:03 AM io.gapi.emulators.netty.HttpVersionRoutingHandler channelRead
INFO: Detected non-HTTP/2 connection.
 {"metadata":{"emulator":{"name":"firestore"},"message":"Jul 31, 2026 9:16:03 AM io.gapi.emulators.netty.HttpVersionRoutingHandler channelRead\nINFO: Detected non-HTTP/2 connection.\n"}}
[debug] [2026-07-31T16:16:05.894Z] Jul 31, 2026 9:16:05 AM io.gapi.emulators.netty.HttpVersionRoutingHandler channelRead
INFO: Detected non-HTTP/2 connection.
 {"metadata":{"emulator":{"name":"firestore"},"message":"Jul 31, 2026 9:16:05 AM io.gapi.emulators.netty.HttpVersionRoutingHandler channelRead\nINFO: Detected non-HTTP/2 connection.\n"}}
[debug] [2026-07-31T16:16:05.907Z] Jul 31, 2026 9:16:05 AM io.gapi.emulators.netty.HttpVersionRoutingHandler channelRead
INFO: Detected non-HTTP/2 connection.
 {"metadata":{"emulator":{"name":"firestore"},"message":"Jul 31, 2026 9:16:05 AM io.gapi.emulators.netty.HttpVersionRoutingHandler channelRead\nINFO: Detected non-HTTP/2 connection.\n"}}
[debug] [2026-07-31T16:16:05.926Z] Jul 31, 2026 9:16:05 AM io.gapi.emulators.netty.HttpVersionRoutingHandler channelRead
INFO: Detected non-HTTP/2 connection.
 {"metadata":{"emulator":{"name":"firestore"},"message":"Jul 31, 2026 9:16:05 AM io.gapi.emulators.netty.HttpVersionRoutingHandler channelRead\nINFO: Detected non-HTTP/2 connection.\n"}}
[debug] [2026-07-31T16:16:05.939Z] Jul 31, 2026 9:16:05 AM io.gapi.emulators.netty.HttpVersionRoutingHandler channelRead
INFO: Detected non-HTTP/2 connection.
 {"metadata":{"emulator":{"name":"firestore"},"message":"Jul 31, 2026 9:16:05 AM io.gapi.emulators.netty.HttpVersionRoutingHandler channelRead\nINFO: Detected non-HTTP/2 connection.\n"}}
[debug] [2026-07-31T16:16:05.949Z] Jul 31, 2026 9:16:05 AM io.gapi.emulators.netty.HttpVersionRoutingHandler channelRead
INFO: Detected non-HTTP/2 connection.
 {"metadata":{"emulator":{"name":"firestore"},"message":"Jul 31, 2026 9:16:05 AM io.gapi.emulators.netty.HttpVersionRoutingHandler channelRead\nINFO: Detected non-HTTP/2 connection.\n"}}
[debug] [2026-07-31T16:16:05.956Z] Jul 31, 2026 9:16:05 AM io.gapi.emulators.netty.HttpVersionRoutingHandler channelRead
INFO: Detected non-HTTP/2 connection.
 {"metadata":{"emulator":{"name":"firestore"},"message":"Jul 31, 2026 9:16:05 AM io.gapi.emulators.netty.HttpVersionRoutingHandler channelRead\nINFO: Detected non-HTTP/2 connection.\n"}}
[debug] [2026-07-31T16:16:05.960Z] Jul 31, 2026 9:16:05 AM io.gapi.emulators.netty.HttpVersionRoutingHandler channelRead
INFO: Detected non-HTTP/2 connection.
 {"metadata":{"emulator":{"name":"firestore"},"message":"Jul 31, 2026 9:16:05 AM io.gapi.emulators.netty.HttpVersionRoutingHandler channelRead\nINFO: Detected non-HTTP/2 connection.\n"}}
[debug] [2026-07-31T16:16:05.967Z] Jul 31, 2026 9:16:05 AM io.gapi.emulators.netty.HttpVersionRoutingHandler channelRead
INFO: Detected non-HTTP/2 connection.
 {"metadata":{"emulator":{"name":"firestore"},"message":"Jul 31, 2026 9:16:05 AM io.gapi.emulators.netty.HttpVersionRoutingHandler channelRead\nINFO: Detected non-HTTP/2 connection.\n"}}
[debug] [2026-07-31T16:16:05.972Z] Jul 31, 2026 9:16:05 AM io.gapi.emulators.netty.HttpVersionRoutingHandler channelRead
INFO: Detected non-HTTP/2 connection.
 {"metadata":{"emulator":{"name":"firestore"},"message":"Jul 31, 2026 9:16:05 AM io.gapi.emulators.netty.HttpVersionRoutingHandler channelRead\nINFO: Detected non-HTTP/2 connection.\n"}}
[debug] [2026-07-31T16:16:05.974Z] Jul 31, 2026 9:16:05 AM io.gapi.emulators.netty.HttpVersionRoutingHandler channelRead
INFO: Detected non-HTTP/2 connection.
 {"metadata":{"emulator":{"name":"firestore"},"message":"Jul 31, 2026 9:16:05 AM io.gapi.emulators.netty.HttpVersionRoutingHandler channelRead\nINFO: Detected non-HTTP/2 connection.\n"}}
[debug] [2026-07-31T16:16:05.983Z] Jul 31, 2026 9:16:05 AM io.gapi.emulators.netty.HttpVersionRoutingHandler channelRead
INFO: Detected non-HTTP/2 connection.
 {"metadata":{"emulator":{"name":"firestore"},"message":"Jul 31, 2026 9:16:05 AM io.gapi.emulators.netty.HttpVersionRoutingHandler channelRead\nINFO: Detected non-HTTP/2 connection.\n"}}
[debug] [2026-07-31T16:16:05.989Z] Jul 31, 2026 9:16:05 AM io.gapi.emulators.netty.HttpVersionRoutingHandler channelRead
INFO: Detected non-HTTP/2 connection.
 {"metadata":{"emulator":{"name":"firestore"},"message":"Jul 31, 2026 9:16:05 AM io.gapi.emulators.netty.HttpVersionRoutingHandler channelRead\nINFO: Detected non-HTTP/2 connection.\n"}}
[debug] [2026-07-31T16:16:05.993Z] Jul 31, 2026 9:16:05 AM io.gapi.emulators.netty.HttpVersionRoutingHandler channelRead
INFO: Detected non-HTTP/2 connection.
 {"metadata":{"emulator":{"name":"firestore"},"message":"Jul 31, 2026 9:16:05 AM io.gapi.emulators.netty.HttpVersionRoutingHandler channelRead\nINFO: Detected non-HTTP/2 connection.\n"}}
[debug] [2026-07-31T16:16:06.000Z] Jul 31, 2026 9:16:06 AM io.gapi.emulators.netty.HttpVersionRoutingHandler channelRead
INFO: Detected non-HTTP/2 connection.
 {"metadata":{"emulator":{"name":"firestore"},"message":"Jul 31, 2026 9:16:06 AM io.gapi.emulators.netty.HttpVersionRoutingHandler channelRead\nINFO: Detected non-HTTP/2 connection.\n"}}
[debug] [2026-07-31T16:16:06.006Z] Jul 31, 2026 9:16:06 AM io.gapi.emulators.netty.HttpVersionRoutingHandler channelRead
INFO: Detected non-HTTP/2 connection.
 {"metadata":{"emulator":{"name":"firestore"},"message":"Jul 31, 2026 9:16:06 AM io.gapi.emulators.netty.HttpVersionRoutingHandler channelRead\nINFO: Detected non-HTTP/2 connection.\n"}}
[debug] [2026-07-31T16:16:06.009Z] Jul 31, 2026 9:16:06 AM io.gapi.emulators.netty.HttpVersionRoutingHandler channelRead
INFO: Detected non-HTTP/2 connection.
 {"metadata":{"emulator":{"name":"firestore"},"message":"Jul 31, 2026 9:16:06 AM io.gapi.emulators.netty.HttpVersionRoutingHandler channelRead\nINFO: Detected non-HTTP/2 connection.\n"}}
[debug] [2026-07-31T16:16:09.476Z] Jul 31, 2026 9:16:09 AM io.gapi.emulators.netty.HttpVersionRoutingHandler channelRead
INFO: Detected non-HTTP/2 connection.
 {"metadata":{"emulator":{"name":"firestore"},"message":"Jul 31, 2026 9:16:09 AM io.gapi.emulators.netty.HttpVersionRoutingHandler channelRead\nINFO: Detected non-HTTP/2 connection.\n"}}
[debug] [2026-07-31T16:16:09.484Z] Jul 31, 2026 9:16:09 AM io.gapi.emulators.netty.HttpVersionRoutingHandler channelRead
INFO: Detected non-HTTP/2 connection.
 {"metadata":{"emulator":{"name":"firestore"},"message":"Jul 31, 2026 9:16:09 AM io.gapi.emulators.netty.HttpVersionRoutingHandler channelRead\nINFO: Detected non-HTTP/2 connection.\n"}}
[debug] [2026-07-31T16:16:15.259Z] Jul 31, 2026 9:16:15 AM io.gapi.emulators.netty.HttpVersionRoutingHandler channelRead
INFO: Detected non-HTTP/2 connection.
 {"metadata":{"emulator":{"name":"firestore"},"message":"Jul 31, 2026 9:16:15 AM io.gapi.emulators.netty.HttpVersionRoutingHandler channelRead\nINFO: Detected non-HTTP/2 connection.\n"}}
[debug] [2026-07-31T16:16:15.275Z] Jul 31, 2026 9:16:15 AM io.gapi.emulators.netty.HttpVersionRoutingHandler channelRead
INFO: Detected non-HTTP/2 connection.
 {"metadata":{"emulator":{"name":"firestore"},"message":"Jul 31, 2026 9:16:15 AM io.gapi.emulators.netty.HttpVersionRoutingHandler channelRead\nINFO: Detected non-HTTP/2 connection.\n"}}
[debug] [2026-07-31T16:16:15.294Z] Jul 31, 2026 9:16:15 AM io.gapi.emulators.netty.HttpVersionRoutingHandler channelRead
INFO: Detected non-HTTP/2 connection.
 {"metadata":{"emulator":{"name":"firestore"},"message":"Jul 31, 2026 9:16:15 AM io.gapi.emulators.netty.HttpVersionRoutingHandler channelRead\nINFO: Detected non-HTTP/2 connection.\n"}}
[debug] [2026-07-31T16:16:15.299Z] Jul 31, 2026 9:16:15 AM io.gapi.emulators.netty.HttpVersionRoutingHandler channelRead
INFO: Detected non-HTTP/2 connection.
 {"metadata":{"emulator":{"name":"firestore"},"message":"Jul 31, 2026 9:16:15 AM io.gapi.emulators.netty.HttpVersionRoutingHandler channelRead\nINFO: Detected non-HTTP/2 connection.\n"}}
[debug] [2026-07-31T16:16:15.305Z] Jul 31, 2026 9:16:15 AM io.gapi.emulators.netty.HttpVersionRoutingHandler channelRead
INFO: Detected non-HTTP/2 connection.
 {"metadata":{"emulator":{"name":"firestore"},"message":"Jul 31, 2026 9:16:15 AM io.gapi.emulators.netty.HttpVersionRoutingHandler channelRead\nINFO: Detected non-HTTP/2 connection.\n"}}
[debug] [2026-07-31T16:16:18.759Z] Jul 31, 2026 9:16:18 AM io.gapi.emulators.netty.HttpVersionRoutingHandler channelRead
INFO: Detected non-HTTP/2 connection.
 {"metadata":{"emulator":{"name":"firestore"},"message":"Jul 31, 2026 9:16:18 AM io.gapi.emulators.netty.HttpVersionRoutingHandler channelRead\nINFO: Detected non-HTTP/2 connection.\n"}}
[debug] [2026-07-31T16:16:18.768Z] Jul 31, 2026 9:16:18 AM io.gapi.emulators.netty.HttpVersionRoutingHandler channelRead
INFO: Detected non-HTTP/2 connection.
 {"metadata":{"emulator":{"name":"firestore"},"message":"Jul 31, 2026 9:16:18 AM io.gapi.emulators.netty.HttpVersionRoutingHandler channelRead\nINFO: Detected non-HTTP/2 connection.\n"}}
[debug] [2026-07-31T16:16:18.771Z] Jul 31, 2026 9:16:18 AM com.google.cloud.datastore.emulator.firestore.webchannel.FirestoreV1WebChannelAdapter$FirestoreListenHandler onClose
INFO: channel closed
 {"metadata":{"emulator":{"name":"firestore"},"message":"Jul 31, 2026 9:16:18 AM com.google.cloud.datastore.emulator.firestore.webchannel.FirestoreV1WebChannelAdapter$FirestoreListenHandler onClose\nINFO: channel closed\n"}}
[debug] [2026-07-31T16:16:18.773Z] Jul 31, 2026 9:16:18 AM io.netty.channel.DefaultChannelPipeline onUnhandledInboundException
WARNING: An exceptionCaught() event was fired, and it reached at the tail of the pipeline. It usually means the last handler in the pipeline did not handle the exception.
java.net.SocketException: Connection reset
	at java.base/sun.nio.ch.SocketChannelImpl.throwConnectionReset(SocketChannelImpl.java:399)
	at java.base/sun.nio.ch.SocketChannelImpl.implRead(SocketChannelImpl.java:431)
	at java.base/sun.nio.ch.SocketChannelImpl.read(SocketChannelImpl.java:489)
	at io.netty.buffer.PooledByteBuf.setBytes(PooledByteBuf.java:255)
	at io.netty.buffer.AbstractByteBuf.writeBytes(AbstractByteBuf.java:1132)
	at io.netty.channel.socket.nio.NioSocketChannel.doReadBytes(NioSocketChannel.java:356)
	at io.netty.channel.nio.AbstractNioByteChannel$NioByteUnsafe.read(AbstractNioByteChannel.java:151)
	at io.netty.channel.nio.NioEventLoop.processSelectedKey(NioEventLoop.java:796)
	at io.netty.channel.nio.NioEventLoop.processSelectedKeysOptimized(NioEventLoop.java:732)
	at io.netty.channel.nio.NioEventLoop.processSelectedKeys(NioEventLoop.java:658)
	at io.netty.channel.nio.NioEventLoop.run(NioEventLoop.java:562)
	at io.netty.util.concurrent.SingleThreadEventExecutor$4.run(SingleThreadEventExecutor.java:998)
	at io.netty.util.internal.ThreadExecutorMap$2.run(ThreadExecutorMap.java:74)
	at io.netty.util.concurrent.FastThreadLocalRunnable.run(FastThreadLocalRunnable.java:30)
	at java.base/java.lang.Thread.run(Thread.java:1447)

 {"metadata":{"emulator":{"name":"firestore"},"message":"Jul 31, 2026 9:16:18 AM io.netty.channel.DefaultChannelPipeline onUnhandledInboundException\nWARNING: An exceptionCaught() event was fired, and it reached at the tail of the pipeline. It usually means the last handler in the pipeline did not handle the exception.\njava.net.SocketException: Connection reset\n\tat java.base/sun.nio.ch.SocketChannelImpl.throwConnectionReset(SocketChannelImpl.java:399)\n\tat java.base/sun.nio.ch.SocketChannelImpl.implRead(SocketChannelImpl.java:431)\n\tat java.base/sun.nio.ch.SocketChannelImpl.read(SocketChannelImpl.java:489)\n\tat io.netty.buffer.PooledByteBuf.setBytes(PooledByteBuf.java:255)\n\tat io.netty.buffer.AbstractByteBuf.writeBytes(AbstractByteBuf.java:1132)\n\tat io.netty.channel.socket.nio.NioSocketChannel.doReadBytes(NioSocketChannel.java:356)\n\tat io.netty.channel.nio.AbstractNioByteChannel$NioByteUnsafe.read(AbstractNioByteChannel.java:151)\n\tat io.netty.channel.nio.NioEventLoop.processSelectedKey(NioEventLoop.java:796)\n\tat io.netty.channel.nio.NioEventLoop.processSelectedKeysOptimized(NioEventLoop.java:732)\n\tat io.netty.channel.nio.NioEventLoop.processSelectedKeys(NioEventLoop.java:658)\n\tat io.netty.channel.nio.NioEventLoop.run(NioEventLoop.java:562)\n\tat io.netty.util.concurrent.SingleThreadEventExecutor$4.run(SingleThreadEventExecutor.java:998)\n\tat io.netty.util.internal.ThreadExecutorMap$2.run(ThreadExecutorMap.java:74)\n\tat io.netty.util.concurrent.FastThreadLocalRunnable.run(FastThreadLocalRunnable.java:30)\n\tat java.base/java.lang.Thread.run(Thread.java:1447)\n\n"}}
[debug] [2026-07-31T16:16:18.773Z] Jul 31, 2026 9:16:18 AM io.gapi.emulators.netty.HttpVersionRoutingHandler channelRead
INFO: Detected non-HTTP/2 connection.
 {"metadata":{"emulator":{"name":"firestore"},"message":"Jul 31, 2026 9:16:18 AM io.gapi.emulators.netty.HttpVersionRoutingHandler channelRead\nINFO: Detected non-HTTP/2 connection.\n"}}
[debug] [2026-07-31T16:16:18.779Z] Jul 31, 2026 9:16:18 AM io.gapi.emulators.netty.HttpVersionRoutingHandler channelRead
INFO: Detected non-HTTP/2 connection.
 {"metadata":{"emulator":{"name":"firestore"},"message":"Jul 31, 2026 9:16:18 AM io.gapi.emulators.netty.HttpVersionRoutingHandler channelRead\nINFO: Detected non-HTTP/2 connection.\n"}}
[debug] [2026-07-31T16:16:18.784Z] Jul 31, 2026 9:16:18 AM io.gapi.emulators.netty.HttpVersionRoutingHandler channelRead
INFO: Detected non-HTTP/2 connection.
 {"metadata":{"emulator":{"name":"firestore"},"message":"Jul 31, 2026 9:16:18 AM io.gapi.emulators.netty.HttpVersionRoutingHandler channelRead\nINFO: Detected non-HTTP/2 connection.\n"}}
[debug] [2026-07-31T16:16:20.723Z] Jul 31, 2026 9:16:20 AM io.gapi.emulators.netty.HttpVersionRoutingHandler channelRead
INFO: Detected non-HTTP/2 connection.
 {"metadata":{"emulator":{"name":"firestore"},"message":"Jul 31, 2026 9:16:20 AM io.gapi.emulators.netty.HttpVersionRoutingHandler channelRead\nINFO: Detected non-HTTP/2 connection.\n"}}
[debug] [2026-07-31T16:16:20.729Z] Jul 31, 2026 9:16:20 AM com.google.cloud.datastore.emulator.firestore.webchannel.FirestoreV1WebChannelAdapter$FirestoreListenHandler onClose
INFO: channel closed
 {"metadata":{"emulator":{"name":"firestore"},"message":"Jul 31, 2026 9:16:20 AM com.google.cloud.datastore.emulator.firestore.webchannel.FirestoreV1WebChannelAdapter$FirestoreListenHandler onClose\nINFO: channel closed\n"}}
[debug] [2026-07-31T16:16:20.730Z] Jul 31, 2026 9:16:20 AM io.gapi.emulators.netty.HttpVersionRoutingHandler channelRead
INFO: Detected non-HTTP/2 connection.
 {"metadata":{"emulator":{"name":"firestore"},"message":"Jul 31, 2026 9:16:20 AM io.gapi.emulators.netty.HttpVersionRoutingHandler channelRead\nINFO: Detected non-HTTP/2 connection.\n"}}
[debug] [2026-07-31T16:16:20.747Z] Jul 31, 2026 9:16:20 AM io.gapi.emulators.netty.HttpVersionRoutingHandler channelRead
INFO: Detected non-HTTP/2 connection.
 {"metadata":{"emulator":{"name":"firestore"},"message":"Jul 31, 2026 9:16:20 AM io.gapi.emulators.netty.HttpVersionRoutingHandler channelRead\nINFO: Detected non-HTTP/2 connection.\n"}}
[debug] [2026-07-31T16:16:20.754Z] Jul 31, 2026 9:16:20 AM io.gapi.emulators.netty.HttpVersionRoutingHandler channelRead
INFO: Detected non-HTTP/2 connection.
 {"metadata":{"emulator":{"name":"firestore"},"message":"Jul 31, 2026 9:16:20 AM io.gapi.emulators.netty.HttpVersionRoutingHandler channelRead\nINFO: Detected non-HTTP/2 connection.\n"}}
[debug] [2026-07-31T16:16:20.762Z] Jul 31, 2026 9:16:20 AM io.gapi.emulators.netty.HttpVersionRoutingHandler channelRead
INFO: Detected non-HTTP/2 connection.
 {"metadata":{"emulator":{"name":"firestore"},"message":"Jul 31, 2026 9:16:20 AM io.gapi.emulators.netty.HttpVersionRoutingHandler channelRead\nINFO: Detected non-HTTP/2 connection.\n"}}
[debug] [2026-07-31T16:16:20.780Z] Jul 31, 2026 9:16:20 AM io.gapi.emulators.netty.HttpVersionRoutingHandler channelRead
INFO: Detected non-HTTP/2 connection.
 {"metadata":{"emulator":{"name":"firestore"},"message":"Jul 31, 2026 9:16:20 AM io.gapi.emulators.netty.HttpVersionRoutingHandler channelRead\nINFO: Detected non-HTTP/2 connection.\n"}}
[debug] [2026-07-31T16:16:20.793Z] Jul 31, 2026 9:16:20 AM io.gapi.emulators.netty.HttpVersionRoutingHandler channelRead
INFO: Detected non-HTTP/2 connection.
 {"metadata":{"emulator":{"name":"firestore"},"message":"Jul 31, 2026 9:16:20 AM io.gapi.emulators.netty.HttpVersionRoutingHandler channelRead\nINFO: Detected non-HTTP/2 connection.\n"}}
[debug] [2026-07-31T16:16:20.797Z] Jul 31, 2026 9:16:20 AM io.gapi.emulators.netty.HttpVersionRoutingHandler channelRead
INFO: Detected non-HTTP/2 connection.
 {"metadata":{"emulator":{"name":"firestore"},"message":"Jul 31, 2026 9:16:20 AM io.gapi.emulators.netty.HttpVersionRoutingHandler channelRead\nINFO: Detected non-HTTP/2 connection.\n"}}
[debug] [2026-07-31T16:16:20.804Z] Jul 31, 2026 9:16:20 AM io.gapi.emulators.netty.HttpVersionRoutingHandler channelRead
INFO: Detected non-HTTP/2 connection.
 {"metadata":{"emulator":{"name":"firestore"},"message":"Jul 31, 2026 9:16:20 AM io.gapi.emulators.netty.HttpVersionRoutingHandler channelRead\nINFO: Detected non-HTTP/2 connection.\n"}}
[debug] [2026-07-31T16:16:20.809Z] Jul 31, 2026 9:16:20 AM io.gapi.emulators.netty.HttpVersionRoutingHandler channelRead
INFO: Detected non-HTTP/2 connection.
 {"metadata":{"emulator":{"name":"firestore"},"message":"Jul 31, 2026 9:16:20 AM io.gapi.emulators.netty.HttpVersionRoutingHandler channelRead\nINFO: Detected non-HTTP/2 connection.\n"}}
[debug] [2026-07-31T16:16:20.812Z] Jul 31, 2026 9:16:20 AM io.gapi.emulators.netty.HttpVersionRoutingHandler channelRead
INFO: Detected non-HTTP/2 connection.
 {"metadata":{"emulator":{"name":"firestore"},"message":"Jul 31, 2026 9:16:20 AM io.gapi.emulators.netty.HttpVersionRoutingHandler channelRead\nINFO: Detected non-HTTP/2 connection.\n"}}
[debug] [2026-07-31T16:16:20.818Z] Jul 31, 2026 9:16:20 AM io.gapi.emulators.netty.HttpVersionRoutingHandler channelRead
INFO: Detected non-HTTP/2 connection.
 {"metadata":{"emulator":{"name":"firestore"},"message":"Jul 31, 2026 9:16:20 AM io.gapi.emulators.netty.HttpVersionRoutingHandler channelRead\nINFO: Detected non-HTTP/2 connection.\n"}}
[debug] [2026-07-31T16:16:20.822Z] Jul 31, 2026 9:16:20 AM io.gapi.emulators.netty.HttpVersionRoutingHandler channelRead
INFO: Detected non-HTTP/2 connection.
 {"metadata":{"emulator":{"name":"firestore"},"message":"Jul 31, 2026 9:16:20 AM io.gapi.emulators.netty.HttpVersionRoutingHandler channelRead\nINFO: Detected non-HTTP/2 connection.\n"}}
[debug] [2026-07-31T16:16:20.829Z] Jul 31, 2026 9:16:20 AM io.gapi.emulators.netty.HttpVersionRoutingHandler channelRead
INFO: Detected non-HTTP/2 connection.
 {"metadata":{"emulator":{"name":"firestore"},"message":"Jul 31, 2026 9:16:20 AM io.gapi.emulators.netty.HttpVersionRoutingHandler channelRead\nINFO: Detected non-HTTP/2 connection.\n"}}
[debug] [2026-07-31T16:16:20.836Z] Jul 31, 2026 9:16:20 AM io.gapi.emulators.netty.HttpVersionRoutingHandler channelRead
INFO: Detected non-HTTP/2 connection.
 {"metadata":{"emulator":{"name":"firestore"},"message":"Jul 31, 2026 9:16:20 AM io.gapi.emulators.netty.HttpVersionRoutingHandler channelRead\nINFO: Detected non-HTTP/2 connection.\n"}}
[debug] [2026-07-31T16:16:20.840Z] Jul 31, 2026 9:16:20 AM io.gapi.emulators.netty.HttpVersionRoutingHandler channelRead
INFO: Detected non-HTTP/2 connection.
 {"metadata":{"emulator":{"name":"firestore"},"message":"Jul 31, 2026 9:16:20 AM io.gapi.emulators.netty.HttpVersionRoutingHandler channelRead\nINFO: Detected non-HTTP/2 connection.\n"}}
[debug] [2026-07-31T16:16:20.847Z] Jul 31, 2026 9:16:20 AM io.gapi.emulators.netty.HttpVersionRoutingHandler channelRead
INFO: Detected non-HTTP/2 connection.
 {"metadata":{"emulator":{"name":"firestore"},"message":"Jul 31, 2026 9:16:20 AM io.gapi.emulators.netty.HttpVersionRoutingHandler channelRead\nINFO: Detected non-HTTP/2 connection.\n"}}
[debug] [2026-07-31T16:16:20.852Z] Jul 31, 2026 9:16:20 AM io.gapi.emulators.netty.HttpVersionRoutingHandler channelRead
INFO: Detected non-HTTP/2 connection.
 {"metadata":{"emulator":{"name":"firestore"},"message":"Jul 31, 2026 9:16:20 AM io.gapi.emulators.netty.HttpVersionRoutingHandler channelRead\nINFO: Detected non-HTTP/2 connection.\n"}}
[debug] [2026-07-31T16:16:20.858Z] Jul 31, 2026 9:16:20 AM io.gapi.emulators.netty.HttpVersionRoutingHandler channelRead
INFO: Detected non-HTTP/2 connection.
 {"metadata":{"emulator":{"name":"firestore"},"message":"Jul 31, 2026 9:16:20 AM io.gapi.emulators.netty.HttpVersionRoutingHandler channelRead\nINFO: Detected non-HTTP/2 connection.\n"}}
[debug] [2026-07-31T16:16:23.191Z] Jul 31, 2026 9:16:23 AM io.gapi.emulators.netty.HttpVersionRoutingHandler channelRead
INFO: Detected non-HTTP/2 connection.
 {"metadata":{"emulator":{"name":"firestore"},"message":"Jul 31, 2026 9:16:23 AM io.gapi.emulators.netty.HttpVersionRoutingHandler channelRead\nINFO: Detected non-HTTP/2 connection.\n"}}
[debug] [2026-07-31T16:16:23.201Z] Jul 31, 2026 9:16:23 AM io.gapi.emulators.netty.HttpVersionRoutingHandler channelRead
INFO: Detected non-HTTP/2 connection.
 {"metadata":{"emulator":{"name":"firestore"},"message":"Jul 31, 2026 9:16:23 AM io.gapi.emulators.netty.HttpVersionRoutingHandler channelRead\nINFO: Detected non-HTTP/2 connection.\n"}}
[debug] [2026-07-31T16:16:27.639Z] Jul 31, 2026 9:16:27 AM io.gapi.emulators.netty.HttpVersionRoutingHandler channelRead
INFO: Detected non-HTTP/2 connection.
 {"metadata":{"emulator":{"name":"firestore"},"message":"Jul 31, 2026 9:16:27 AM io.gapi.emulators.netty.HttpVersionRoutingHandler channelRead\nINFO: Detected non-HTTP/2 connection.\n"}}
[debug] [2026-07-31T16:16:27.649Z] Jul 31, 2026 9:16:27 AM io.gapi.emulators.netty.HttpVersionRoutingHandler channelRead
INFO: Detected non-HTTP/2 connection.
 {"metadata":{"emulator":{"name":"firestore"},"message":"Jul 31, 2026 9:16:27 AM io.gapi.emulators.netty.HttpVersionRoutingHandler channelRead\nINFO: Detected non-HTTP/2 connection.\n"}}
[debug] [2026-07-31T16:16:27.661Z] Jul 31, 2026 9:16:27 AM io.gapi.emulators.netty.HttpVersionRoutingHandler channelRead
INFO: Detected non-HTTP/2 connection.
 {"metadata":{"emulator":{"name":"firestore"},"message":"Jul 31, 2026 9:16:27 AM io.gapi.emulators.netty.HttpVersionRoutingHandler channelRead\nINFO: Detected non-HTTP/2 connection.\n"}}
[debug] [2026-07-31T16:16:27.676Z] Jul 31, 2026 9:16:27 AM io.gapi.emulators.netty.HttpVersionRoutingHandler channelRead
INFO: Detected non-HTTP/2 connection.
 {"metadata":{"emulator":{"name":"firestore"},"message":"Jul 31, 2026 9:16:27 AM io.gapi.emulators.netty.HttpVersionRoutingHandler channelRead\nINFO: Detected non-HTTP/2 connection.\n"}}
[debug] [2026-07-31T16:16:27.680Z] Jul 31, 2026 9:16:27 AM io.gapi.emulators.netty.HttpVersionRoutingHandler channelRead
INFO: Detected non-HTTP/2 connection.
 {"metadata":{"emulator":{"name":"firestore"},"message":"Jul 31, 2026 9:16:27 AM io.gapi.emulators.netty.HttpVersionRoutingHandler channelRead\nINFO: Detected non-HTTP/2 connection.\n"}}
[debug] [2026-07-31T16:16:27.685Z] Jul 31, 2026 9:16:27 AM io.gapi.emulators.netty.HttpVersionRoutingHandler channelRead
INFO: Detected non-HTTP/2 connection.
 {"metadata":{"emulator":{"name":"firestore"},"message":"Jul 31, 2026 9:16:27 AM io.gapi.emulators.netty.HttpVersionRoutingHandler channelRead\nINFO: Detected non-HTTP/2 connection.\n"}}
[debug] [2026-07-31T16:16:27.688Z] Jul 31, 2026 9:16:27 AM io.gapi.emulators.netty.HttpVersionRoutingHandler channelRead
INFO: Detected non-HTTP/2 connection.
 {"metadata":{"emulator":{"name":"firestore"},"message":"Jul 31, 2026 9:16:27 AM io.gapi.emulators.netty.HttpVersionRoutingHandler channelRead\nINFO: Detected non-HTTP/2 connection.\n"}}
[debug] [2026-07-31T16:16:27.693Z] Jul 31, 2026 9:16:27 AM io.gapi.emulators.netty.HttpVersionRoutingHandler channelRead
INFO: Detected non-HTTP/2 connection.
 {"metadata":{"emulator":{"name":"firestore"},"message":"Jul 31, 2026 9:16:27 AM io.gapi.emulators.netty.HttpVersionRoutingHandler channelRead\nINFO: Detected non-HTTP/2 connection.\n"}}
[debug] [2026-07-31T16:16:34.700Z] Jul 31, 2026 9:16:34 AM io.gapi.emulators.netty.HttpVersionRoutingHandler channelRead
INFO: Detected non-HTTP/2 connection.
 {"metadata":{"emulator":{"name":"firestore"},"message":"Jul 31, 2026 9:16:34 AM io.gapi.emulators.netty.HttpVersionRoutingHandler channelRead\nINFO: Detected non-HTTP/2 connection.\n"}}
[debug] [2026-07-31T16:16:34.710Z] Jul 31, 2026 9:16:34 AM io.gapi.emulators.netty.HttpVersionRoutingHandler channelRead
INFO: Detected non-HTTP/2 connection.
 {"metadata":{"emulator":{"name":"firestore"},"message":"Jul 31, 2026 9:16:34 AM io.gapi.emulators.netty.HttpVersionRoutingHandler channelRead\nINFO: Detected non-HTTP/2 connection.\n"}}
[debug] [2026-07-31T16:16:34.726Z] Jul 31, 2026 9:16:34 AM io.gapi.emulators.netty.HttpVersionRoutingHandler channelRead
INFO: Detected non-HTTP/2 connection.
 {"metadata":{"emulator":{"name":"firestore"},"message":"Jul 31, 2026 9:16:34 AM io.gapi.emulators.netty.HttpVersionRoutingHandler channelRead\nINFO: Detected non-HTTP/2 connection.\n"}}
[debug] [2026-07-31T16:16:34.742Z] Jul 31, 2026 9:16:34 AM io.gapi.emulators.netty.HttpVersionRoutingHandler channelRead
INFO: Detected non-HTTP/2 connection.
 {"metadata":{"emulator":{"name":"firestore"},"message":"Jul 31, 2026 9:16:34 AM io.gapi.emulators.netty.HttpVersionRoutingHandler channelRead\nINFO: Detected non-HTTP/2 connection.\n"}}
[debug] [2026-07-31T16:16:34.745Z] Jul 31, 2026 9:16:34 AM io.gapi.emulators.netty.HttpVersionRoutingHandler channelRead
INFO: Detected non-HTTP/2 connection.
 {"metadata":{"emulator":{"name":"firestore"},"message":"Jul 31, 2026 9:16:34 AM io.gapi.emulators.netty.HttpVersionRoutingHandler channelRead\nINFO: Detected non-HTTP/2 connection.\n"}}
[debug] [2026-07-31T16:16:34.751Z] Jul 31, 2026 9:16:34 AM io.gapi.emulators.netty.HttpVersionRoutingHandler channelRead
INFO: Detected non-HTTP/2 connection.
 {"metadata":{"emulator":{"name":"firestore"},"message":"Jul 31, 2026 9:16:34 AM io.gapi.emulators.netty.HttpVersionRoutingHandler channelRead\nINFO: Detected non-HTTP/2 connection.\n"}}
[debug] [2026-07-31T16:16:37.457Z] Jul 31, 2026 9:16:37 AM io.gapi.emulators.netty.HttpVersionRoutingHandler channelRead
INFO: Detected non-HTTP/2 connection.
 {"metadata":{"emulator":{"name":"firestore"},"message":"Jul 31, 2026 9:16:37 AM io.gapi.emulators.netty.HttpVersionRoutingHandler channelRead\nINFO: Detected non-HTTP/2 connection.\n"}}
[debug] [2026-07-31T16:16:37.470Z] Jul 31, 2026 9:16:37 AM io.gapi.emulators.netty.HttpVersionRoutingHandler channelRead
INFO: Detected non-HTTP/2 connection.
 {"metadata":{"emulator":{"name":"firestore"},"message":"Jul 31, 2026 9:16:37 AM io.gapi.emulators.netty.HttpVersionRoutingHandler channelRead\nINFO: Detected non-HTTP/2 connection.\n"}}
[debug] [2026-07-31T16:16:37.489Z] Jul 31, 2026 9:16:37 AM io.gapi.emulators.netty.HttpVersionRoutingHandler channelRead
INFO: Detected non-HTTP/2 connection.
 {"metadata":{"emulator":{"name":"firestore"},"message":"Jul 31, 2026 9:16:37 AM io.gapi.emulators.netty.HttpVersionRoutingHandler channelRead\nINFO: Detected non-HTTP/2 connection.\n"}}
[debug] [2026-07-31T16:16:37.494Z] Jul 31, 2026 9:16:37 AM io.gapi.emulators.netty.HttpVersionRoutingHandler channelRead
INFO: Detected non-HTTP/2 connection.
 {"metadata":{"emulator":{"name":"firestore"},"message":"Jul 31, 2026 9:16:37 AM io.gapi.emulators.netty.HttpVersionRoutingHandler channelRead\nINFO: Detected non-HTTP/2 connection.\n"}}
[debug] [2026-07-31T16:16:37.500Z] Jul 31, 2026 9:16:37 AM io.gapi.emulators.netty.HttpVersionRoutingHandler channelRead
INFO: Detected non-HTTP/2 connection.
 {"metadata":{"emulator":{"name":"firestore"},"message":"Jul 31, 2026 9:16:37 AM io.gapi.emulators.netty.HttpVersionRoutingHandler channelRead\nINFO: Detected non-HTTP/2 connection.\n"}}
[debug] [2026-07-31T16:16:37.502Z] Jul 31, 2026 9:16:37 AM io.gapi.emulators.netty.HttpVersionRoutingHandler channelRead
INFO: Detected non-HTTP/2 connection.
 {"metadata":{"emulator":{"name":"firestore"},"message":"Jul 31, 2026 9:16:37 AM io.gapi.emulators.netty.HttpVersionRoutingHandler channelRead\nINFO: Detected non-HTTP/2 connection.\n"}}
[debug] [2026-07-31T16:16:37.507Z] Jul 31, 2026 9:16:37 AM io.gapi.emulators.netty.HttpVersionRoutingHandler channelRead
INFO: Detected non-HTTP/2 connection.
 {"metadata":{"emulator":{"name":"firestore"},"message":"Jul 31, 2026 9:16:37 AM io.gapi.emulators.netty.HttpVersionRoutingHandler channelRead\nINFO: Detected non-HTTP/2 connection.\n"}}
[debug] [2026-07-31T16:16:37.827Z] Jul 31, 2026 9:16:37 AM io.gapi.emulators.netty.HttpVersionRoutingHandler channelRead
INFO: Detected non-HTTP/2 connection.
 {"metadata":{"emulator":{"name":"firestore"},"message":"Jul 31, 2026 9:16:37 AM io.gapi.emulators.netty.HttpVersionRoutingHandler channelRead\nINFO: Detected non-HTTP/2 connection.\n"}}
[debug] [2026-07-31T16:16:37.840Z] Jul 31, 2026 9:16:37 AM io.gapi.emulators.netty.HttpVersionRoutingHandler channelRead
INFO: Detected non-HTTP/2 connection.
 {"metadata":{"emulator":{"name":"firestore"},"message":"Jul 31, 2026 9:16:37 AM io.gapi.emulators.netty.HttpVersionRoutingHandler channelRead\nINFO: Detected non-HTTP/2 connection.\n"}}
[debug] [2026-07-31T16:16:37.858Z] Jul 31, 2026 9:16:37 AM io.gapi.emulators.netty.HttpVersionRoutingHandler channelRead
INFO: Detected non-HTTP/2 connection.
 {"metadata":{"emulator":{"name":"firestore"},"message":"Jul 31, 2026 9:16:37 AM io.gapi.emulators.netty.HttpVersionRoutingHandler channelRead\nINFO: Detected non-HTTP/2 connection.\n"}}
[debug] [2026-07-31T16:16:37.866Z] Jul 31, 2026 9:16:37 AM io.gapi.emulators.netty.HttpVersionRoutingHandler channelRead
INFO: Detected non-HTTP/2 connection.
 {"metadata":{"emulator":{"name":"firestore"},"message":"Jul 31, 2026 9:16:37 AM io.gapi.emulators.netty.HttpVersionRoutingHandler channelRead\nINFO: Detected non-HTTP/2 connection.\n"}}
[debug] [2026-07-31T16:16:37.877Z] Jul 31, 2026 9:16:37 AM io.gapi.emulators.netty.HttpVersionRoutingHandler channelRead
INFO: Detected non-HTTP/2 connection.
 {"metadata":{"emulator":{"name":"firestore"},"message":"Jul 31, 2026 9:16:37 AM io.gapi.emulators.netty.HttpVersionRoutingHandler channelRead\nINFO: Detected non-HTTP/2 connection.\n"}}
[debug] [2026-07-31T16:16:37.880Z] Jul 31, 2026 9:16:37 AM io.gapi.emulators.netty.HttpVersionRoutingHandler channelRead
INFO: Detected non-HTTP/2 connection.
 {"metadata":{"emulator":{"name":"firestore"},"message":"Jul 31, 2026 9:16:37 AM io.gapi.emulators.netty.HttpVersionRoutingHandler channelRead\nINFO: Detected non-HTTP/2 connection.\n"}}
[debug] [2026-07-31T16:16:37.886Z] Jul 31, 2026 9:16:37 AM io.gapi.emulators.netty.HttpVersionRoutingHandler channelRead
INFO: Detected non-HTTP/2 connection.
 {"metadata":{"emulator":{"name":"firestore"},"message":"Jul 31, 2026 9:16:37 AM io.gapi.emulators.netty.HttpVersionRoutingHandler channelRead\nINFO: Detected non-HTTP/2 connection.\n"}}
[debug] [2026-07-31T16:16:37.888Z] Jul 31, 2026 9:16:37 AM io.gapi.emulators.netty.HttpVersionRoutingHandler channelRead
INFO: Detected non-HTTP/2 connection.
 {"metadata":{"emulator":{"name":"firestore"},"message":"Jul 31, 2026 9:16:37 AM io.gapi.emulators.netty.HttpVersionRoutingHandler channelRead\nINFO: Detected non-HTTP/2 connection.\n"}}
[debug] [2026-07-31T16:16:37.896Z] Jul 31, 2026 9:16:37 AM io.gapi.emulators.netty.HttpVersionRoutingHandler channelRead
INFO: Detected non-HTTP/2 connection.
 {"metadata":{"emulator":{"name":"firestore"},"message":"Jul 31, 2026 9:16:37 AM io.gapi.emulators.netty.HttpVersionRoutingHandler channelRead\nINFO: Detected non-HTTP/2 connection.\n"}}
[debug] [2026-07-31T16:16:37.898Z] Jul 31, 2026 9:16:37 AM io.gapi.emulators.netty.HttpVersionRoutingHandler channelRead
INFO: Detected non-HTTP/2 connection.
 {"metadata":{"emulator":{"name":"firestore"},"message":"Jul 31, 2026 9:16:37 AM io.gapi.emulators.netty.HttpVersionRoutingHandler channelRead\nINFO: Detected non-HTTP/2 connection.\n"}}
[debug] [2026-07-31T16:16:37.903Z] Jul 31, 2026 9:16:37 AM io.gapi.emulators.netty.HttpVersionRoutingHandler channelRead
INFO: Detected non-HTTP/2 connection.
 {"metadata":{"emulator":{"name":"firestore"},"message":"Jul 31, 2026 9:16:37 AM io.gapi.emulators.netty.HttpVersionRoutingHandler channelRead\nINFO: Detected non-HTTP/2 connection.\n"}}
[debug] [2026-07-31T16:16:37.904Z] Jul 31, 2026 9:16:37 AM io.gapi.emulators.netty.HttpVersionRoutingHandler channelRead
INFO: Detected non-HTTP/2 connection.
 {"metadata":{"emulator":{"name":"firestore"},"message":"Jul 31, 2026 9:16:37 AM io.gapi.emulators.netty.HttpVersionRoutingHandler channelRead\nINFO: Detected non-HTTP/2 connection.\n"}}
[debug] [2026-07-31T16:16:37.908Z] Jul 31, 2026 9:16:37 AM io.gapi.emulators.netty.HttpVersionRoutingHandler channelRead
INFO: Detected non-HTTP/2 connection.
 {"metadata":{"emulator":{"name":"firestore"},"message":"Jul 31, 2026 9:16:37 AM io.gapi.emulators.netty.HttpVersionRoutingHandler channelRead\nINFO: Detected non-HTTP/2 connection.\n"}}
[debug] [2026-07-31T16:16:37.911Z] Jul 31, 2026 9:16:37 AM io.gapi.emulators.netty.HttpVersionRoutingHandler channelRead
INFO: Detected non-HTTP/2 connection.
 {"metadata":{"emulator":{"name":"firestore"},"message":"Jul 31, 2026 9:16:37 AM io.gapi.emulators.netty.HttpVersionRoutingHandler channelRead\nINFO: Detected non-HTTP/2 connection.\n"}}
[debug] [2026-07-31T16:16:37.919Z] Jul 31, 2026 9:16:37 AM io.gapi.emulators.netty.HttpVersionRoutingHandler channelRead
INFO: Detected non-HTTP/2 connection.
 {"metadata":{"emulator":{"name":"firestore"},"message":"Jul 31, 2026 9:16:37 AM io.gapi.emulators.netty.HttpVersionRoutingHandler channelRead\nINFO: Detected non-HTTP/2 connection.\n"}}
[debug] [2026-07-31T16:16:37.921Z] Jul 31, 2026 9:16:37 AM io.gapi.emulators.netty.HttpVersionRoutingHandler channelRead
INFO: Detected non-HTTP/2 connection.
 {"metadata":{"emulator":{"name":"firestore"},"message":"Jul 31, 2026 9:16:37 AM io.gapi.emulators.netty.HttpVersionRoutingHandler channelRead\nINFO: Detected non-HTTP/2 connection.\n"}}
[debug] [2026-07-31T16:16:37.929Z] Jul 31, 2026 9:16:37 AM io.gapi.emulators.netty.HttpVersionRoutingHandler channelRead
INFO: Detected non-HTTP/2 connection.
 {"metadata":{"emulator":{"name":"firestore"},"message":"Jul 31, 2026 9:16:37 AM io.gapi.emulators.netty.HttpVersionRoutingHandler channelRead\nINFO: Detected non-HTTP/2 connection.\n"}}
[debug] [2026-07-31T16:16:37.931Z] Jul 31, 2026 9:16:37 AM io.gapi.emulators.netty.HttpVersionRoutingHandler channelRead
INFO: Detected non-HTTP/2 connection.
 {"metadata":{"emulator":{"name":"firestore"},"message":"Jul 31, 2026 9:16:37 AM io.gapi.emulators.netty.HttpVersionRoutingHandler channelRead\nINFO: Detected non-HTTP/2 connection.\n"}}
[debug] [2026-07-31T16:16:37.937Z] Jul 31, 2026 9:16:37 AM io.gapi.emulators.netty.HttpVersionRoutingHandler channelRead
INFO: Detected non-HTTP/2 connection.
 {"metadata":{"emulator":{"name":"firestore"},"message":"Jul 31, 2026 9:16:37 AM io.gapi.emulators.netty.HttpVersionRoutingHandler channelRead\nINFO: Detected non-HTTP/2 connection.\n"}}
[debug] [2026-07-31T16:16:37.939Z] Jul 31, 2026 9:16:37 AM io.gapi.emulators.netty.HttpVersionRoutingHandler channelRead
INFO: Detected non-HTTP/2 connection.
 {"metadata":{"emulator":{"name":"firestore"},"message":"Jul 31, 2026 9:16:37 AM io.gapi.emulators.netty.HttpVersionRoutingHandler channelRead\nINFO: Detected non-HTTP/2 connection.\n"}}
[debug] [2026-07-31T16:16:37.946Z] Jul 31, 2026 9:16:37 AM io.gapi.emulators.netty.HttpVersionRoutingHandler channelRead
INFO: Detected non-HTTP/2 connection.
 {"metadata":{"emulator":{"name":"firestore"},"message":"Jul 31, 2026 9:16:37 AM io.gapi.emulators.netty.HttpVersionRoutingHandler channelRead\nINFO: Detected non-HTTP/2 connection.\n"}}
[debug] [2026-07-31T16:16:39.127Z] Jul 31, 2026 9:16:39 AM io.gapi.emulators.netty.HttpVersionRoutingHandler channelRead
INFO: Detected non-HTTP/2 connection.
 {"metadata":{"emulator":{"name":"firestore"},"message":"Jul 31, 2026 9:16:39 AM io.gapi.emulators.netty.HttpVersionRoutingHandler channelRead\nINFO: Detected non-HTTP/2 connection.\n"}}
[debug] [2026-07-31T16:16:39.138Z] Jul 31, 2026 9:16:39 AM io.gapi.emulators.netty.HttpVersionRoutingHandler channelRead
INFO: Detected non-HTTP/2 connection.
 {"metadata":{"emulator":{"name":"firestore"},"message":"Jul 31, 2026 9:16:39 AM io.gapi.emulators.netty.HttpVersionRoutingHandler channelRead\nINFO: Detected non-HTTP/2 connection.\n"}}
[debug] [2026-07-31T16:16:39.146Z] Jul 31, 2026 9:16:39 AM io.gapi.emulators.netty.HttpVersionRoutingHandler channelRead
INFO: Detected non-HTTP/2 connection.
 {"metadata":{"emulator":{"name":"firestore"},"message":"Jul 31, 2026 9:16:39 AM io.gapi.emulators.netty.HttpVersionRoutingHandler channelRead\nINFO: Detected non-HTTP/2 connection.\n"}}
[debug] [2026-07-31T16:16:39.158Z] Jul 31, 2026 9:16:39 AM io.gapi.emulators.netty.HttpVersionRoutingHandler channelRead
INFO: Detected non-HTTP/2 connection.
 {"metadata":{"emulator":{"name":"firestore"},"message":"Jul 31, 2026 9:16:39 AM io.gapi.emulators.netty.HttpVersionRoutingHandler channelRead\nINFO: Detected non-HTTP/2 connection.\n"}}
[debug] [2026-07-31T16:16:39.163Z] Jul 31, 2026 9:16:39 AM io.gapi.emulators.netty.HttpVersionRoutingHandler channelRead
INFO: Detected non-HTTP/2 connection.
 {"metadata":{"emulator":{"name":"firestore"},"message":"Jul 31, 2026 9:16:39 AM io.gapi.emulators.netty.HttpVersionRoutingHandler channelRead\nINFO: Detected non-HTTP/2 connection.\n"}}
[debug] [2026-07-31T16:16:39.171Z] Jul 31, 2026 9:16:39 AM io.gapi.emulators.netty.HttpVersionRoutingHandler channelRead
INFO: Detected non-HTTP/2 connection.
 {"metadata":{"emulator":{"name":"firestore"},"message":"Jul 31, 2026 9:16:39 AM io.gapi.emulators.netty.HttpVersionRoutingHandler channelRead\nINFO: Detected non-HTTP/2 connection.\n"}}
[debug] [2026-07-31T16:16:39.173Z] Jul 31, 2026 9:16:39 AM io.gapi.emulators.netty.HttpVersionRoutingHandler channelRead
INFO: Detected non-HTTP/2 connection.
 {"metadata":{"emulator":{"name":"firestore"},"message":"Jul 31, 2026 9:16:39 AM io.gapi.emulators.netty.HttpVersionRoutingHandler channelRead\nINFO: Detected non-HTTP/2 connection.\n"}}
[debug] [2026-07-31T16:16:39.182Z] Jul 31, 2026 9:16:39 AM io.gapi.emulators.netty.HttpVersionRoutingHandler channelRead
INFO: Detected non-HTTP/2 connection.
 {"metadata":{"emulator":{"name":"firestore"},"message":"Jul 31, 2026 9:16:39 AM io.gapi.emulators.netty.HttpVersionRoutingHandler channelRead\nINFO: Detected non-HTTP/2 connection.\n"}}
[debug] [2026-07-31T16:16:39.185Z] Jul 31, 2026 9:16:39 AM io.gapi.emulators.netty.HttpVersionRoutingHandler channelRead
INFO: Detected non-HTTP/2 connection.
 {"metadata":{"emulator":{"name":"firestore"},"message":"Jul 31, 2026 9:16:39 AM io.gapi.emulators.netty.HttpVersionRoutingHandler channelRead\nINFO: Detected non-HTTP/2 connection.\n"}}
[debug] [2026-07-31T16:16:39.190Z] Jul 31, 2026 9:16:39 AM io.gapi.emulators.netty.HttpVersionRoutingHandler channelRead
INFO: Detected non-HTTP/2 connection.
 {"metadata":{"emulator":{"name":"firestore"},"message":"Jul 31, 2026 9:16:39 AM io.gapi.emulators.netty.HttpVersionRoutingHandler channelRead\nINFO: Detected non-HTTP/2 connection.\n"}}
[debug] [2026-07-31T16:16:39.192Z] Jul 31, 2026 9:16:39 AM io.gapi.emulators.netty.HttpVersionRoutingHandler channelRead
INFO: Detected non-HTTP/2 connection.
 {"metadata":{"emulator":{"name":"firestore"},"message":"Jul 31, 2026 9:16:39 AM io.gapi.emulators.netty.HttpVersionRoutingHandler channelRead\nINFO: Detected non-HTTP/2 connection.\n"}}
[debug] [2026-07-31T16:16:39.196Z] Jul 31, 2026 9:16:39 AM io.gapi.emulators.netty.HttpVersionRoutingHandler channelRead
INFO: Detected non-HTTP/2 connection.
 {"metadata":{"emulator":{"name":"firestore"},"message":"Jul 31, 2026 9:16:39 AM io.gapi.emulators.netty.HttpVersionRoutingHandler channelRead\nINFO: Detected non-HTTP/2 connection.\n"}}
[debug] [2026-07-31T16:16:39.198Z] Jul 31, 2026 9:16:39 AM io.gapi.emulators.netty.HttpVersionRoutingHandler channelRead
INFO: Detected non-HTTP/2 connection.
 {"metadata":{"emulator":{"name":"firestore"},"message":"Jul 31, 2026 9:16:39 AM io.gapi.emulators.netty.HttpVersionRoutingHandler channelRead\nINFO: Detected non-HTTP/2 connection.\n"}}
[debug] [2026-07-31T16:16:39.206Z] Jul 31, 2026 9:16:39 AM io.gapi.emulators.netty.HttpVersionRoutingHandler channelRead
INFO: Detected non-HTTP/2 connection.
 {"metadata":{"emulator":{"name":"firestore"},"message":"Jul 31, 2026 9:16:39 AM io.gapi.emulators.netty.HttpVersionRoutingHandler channelRead\nINFO: Detected non-HTTP/2 connection.\n"}}
[debug] [2026-07-31T16:16:39.208Z] Jul 31, 2026 9:16:39 AM io.gapi.emulators.netty.HttpVersionRoutingHandler channelRead
INFO: Detected non-HTTP/2 connection.
 {"metadata":{"emulator":{"name":"firestore"},"message":"Jul 31, 2026 9:16:39 AM io.gapi.emulators.netty.HttpVersionRoutingHandler channelRead\nINFO: Detected non-HTTP/2 connection.\n"}}
[debug] [2026-07-31T16:16:39.216Z] Jul 31, 2026 9:16:39 AM io.gapi.emulators.netty.HttpVersionRoutingHandler channelRead
INFO: Detected non-HTTP/2 connection.
 {"metadata":{"emulator":{"name":"firestore"},"message":"Jul 31, 2026 9:16:39 AM io.gapi.emulators.netty.HttpVersionRoutingHandler channelRead\nINFO: Detected non-HTTP/2 connection.\n"}}
[debug] [2026-07-31T16:16:39.218Z] Jul 31, 2026 9:16:39 AM io.gapi.emulators.netty.HttpVersionRoutingHandler channelRead
INFO: Detected non-HTTP/2 connection.
 {"metadata":{"emulator":{"name":"firestore"},"message":"Jul 31, 2026 9:16:39 AM io.gapi.emulators.netty.HttpVersionRoutingHandler channelRead\nINFO: Detected non-HTTP/2 connection.\n"}}
[debug] [2026-07-31T16:16:39.224Z] Jul 31, 2026 9:16:39 AM io.gapi.emulators.netty.HttpVersionRoutingHandler channelRead
INFO: Detected non-HTTP/2 connection.
 {"metadata":{"emulator":{"name":"firestore"},"message":"Jul 31, 2026 9:16:39 AM io.gapi.emulators.netty.HttpVersionRoutingHandler channelRead\nINFO: Detected non-HTTP/2 connection.\n"}}
[debug] [2026-07-31T16:16:39.226Z] Jul 31, 2026 9:16:39 AM io.gapi.emulators.netty.HttpVersionRoutingHandler channelRead
INFO: Detected non-HTTP/2 connection.
 {"metadata":{"emulator":{"name":"firestore"},"message":"Jul 31, 2026 9:16:39 AM io.gapi.emulators.netty.HttpVersionRoutingHandler channelRead\nINFO: Detected non-HTTP/2 connection.\n"}}
[debug] [2026-07-31T16:16:39.235Z] Jul 31, 2026 9:16:39 AM io.gapi.emulators.netty.HttpVersionRoutingHandler channelRead
INFO: Detected non-HTTP/2 connection.
 {"metadata":{"emulator":{"name":"firestore"},"message":"Jul 31, 2026 9:16:39 AM io.gapi.emulators.netty.HttpVersionRoutingHandler channelRead\nINFO: Detected non-HTTP/2 connection.\n"}}
[debug] [2026-07-31T16:16:40.654Z] Jul 31, 2026 9:16:40 AM io.gapi.emulators.netty.HttpVersionRoutingHandler channelRead
INFO: Detected non-HTTP/2 connection.
 {"metadata":{"emulator":{"name":"firestore"},"message":"Jul 31, 2026 9:16:40 AM io.gapi.emulators.netty.HttpVersionRoutingHandler channelRead\nINFO: Detected non-HTTP/2 connection.\n"}}
[debug] [2026-07-31T16:16:40.659Z] Jul 31, 2026 9:16:40 AM io.gapi.emulators.netty.HttpVersionRoutingHandler channelRead
INFO: Detected non-HTTP/2 connection.
 {"metadata":{"emulator":{"name":"firestore"},"message":"Jul 31, 2026 9:16:40 AM io.gapi.emulators.netty.HttpVersionRoutingHandler channelRead\nINFO: Detected non-HTTP/2 connection.\n"}}
[debug] [2026-07-31T16:16:40.661Z] Jul 31, 2026 9:16:40 AM com.google.cloud.datastore.emulator.firestore.webchannel.FirestoreV1WebChannelAdapter$FirestoreListenHandler onClose
INFO: channel closed
 {"metadata":{"emulator":{"name":"firestore"},"message":"Jul 31, 2026 9:16:40 AM com.google.cloud.datastore.emulator.firestore.webchannel.FirestoreV1WebChannelAdapter$FirestoreListenHandler onClose\nINFO: channel closed\n"}}
[debug] [2026-07-31T16:16:40.663Z] Jul 31, 2026 9:16:40 AM io.gapi.emulators.netty.HttpVersionRoutingHandler channelRead
INFO: Detected non-HTTP/2 connection.
 {"metadata":{"emulator":{"name":"firestore"},"message":"Jul 31, 2026 9:16:40 AM io.gapi.emulators.netty.HttpVersionRoutingHandler channelRead\nINFO: Detected non-HTTP/2 connection.\n"}}
[debug] [2026-07-31T16:16:40.670Z] Jul 31, 2026 9:16:40 AM io.gapi.emulators.netty.HttpVersionRoutingHandler channelRead
INFO: Detected non-HTTP/2 connection.
 {"metadata":{"emulator":{"name":"firestore"},"message":"Jul 31, 2026 9:16:40 AM io.gapi.emulators.netty.HttpVersionRoutingHandler channelRead\nINFO: Detected non-HTTP/2 connection.\n"}}
[debug] [2026-07-31T16:16:40.675Z] Jul 31, 2026 9:16:40 AM io.gapi.emulators.netty.HttpVersionRoutingHandler channelRead
INFO: Detected non-HTTP/2 connection.
 {"metadata":{"emulator":{"name":"firestore"},"message":"Jul 31, 2026 9:16:40 AM io.gapi.emulators.netty.HttpVersionRoutingHandler channelRead\nINFO: Detected non-HTTP/2 connection.\n"}}
[debug] [2026-07-31T16:16:42.930Z] Jul 31, 2026 9:16:42 AM io.gapi.emulators.netty.HttpVersionRoutingHandler channelRead
INFO: Detected non-HTTP/2 connection.
 {"metadata":{"emulator":{"name":"firestore"},"message":"Jul 31, 2026 9:16:42 AM io.gapi.emulators.netty.HttpVersionRoutingHandler channelRead\nINFO: Detected non-HTTP/2 connection.\n"}}
[debug] [2026-07-31T16:16:42.935Z] Jul 31, 2026 9:16:42 AM com.google.cloud.datastore.emulator.firestore.webchannel.FirestoreV1WebChannelAdapter$FirestoreListenHandler onClose
INFO: channel closed
 {"metadata":{"emulator":{"name":"firestore"},"message":"Jul 31, 2026 9:16:42 AM com.google.cloud.datastore.emulator.firestore.webchannel.FirestoreV1WebChannelAdapter$FirestoreListenHandler onClose\nINFO: channel closed\n"}}
[debug] [2026-07-31T16:16:42.936Z] Jul 31, 2026 9:16:42 AM io.gapi.emulators.netty.HttpVersionRoutingHandler channelRead
INFO: Detected non-HTTP/2 connection.
 {"metadata":{"emulator":{"name":"firestore"},"message":"Jul 31, 2026 9:16:42 AM io.gapi.emulators.netty.HttpVersionRoutingHandler channelRead\nINFO: Detected non-HTTP/2 connection.\n"}}
[debug] [2026-07-31T16:16:42.950Z] Jul 31, 2026 9:16:42 AM io.gapi.emulators.netty.HttpVersionRoutingHandler channelRead
INFO: Detected non-HTTP/2 connection.
 {"metadata":{"emulator":{"name":"firestore"},"message":"Jul 31, 2026 9:16:42 AM io.gapi.emulators.netty.HttpVersionRoutingHandler channelRead\nINFO: Detected non-HTTP/2 connection.\n"}}
[debug] [2026-07-31T16:16:42.954Z] Jul 31, 2026 9:16:42 AM io.gapi.emulators.netty.HttpVersionRoutingHandler channelRead
INFO: Detected non-HTTP/2 connection.
 {"metadata":{"emulator":{"name":"firestore"},"message":"Jul 31, 2026 9:16:42 AM io.gapi.emulators.netty.HttpVersionRoutingHandler channelRead\nINFO: Detected non-HTTP/2 connection.\n"}}
[debug] [2026-07-31T16:16:42.962Z] Jul 31, 2026 9:16:42 AM io.gapi.emulators.netty.HttpVersionRoutingHandler channelRead
INFO: Detected non-HTTP/2 connection.
 {"metadata":{"emulator":{"name":"firestore"},"message":"Jul 31, 2026 9:16:42 AM io.gapi.emulators.netty.HttpVersionRoutingHandler channelRead\nINFO: Detected non-HTTP/2 connection.\n"}}
[debug] [2026-07-31T16:16:42.983Z] Jul 31, 2026 9:16:42 AM io.gapi.emulators.netty.HttpVersionRoutingHandler channelRead
INFO: Detected non-HTTP/2 connection.
 {"metadata":{"emulator":{"name":"firestore"},"message":"Jul 31, 2026 9:16:42 AM io.gapi.emulators.netty.HttpVersionRoutingHandler channelRead\nINFO: Detected non-HTTP/2 connection.\n"}}
[debug] [2026-07-31T16:16:42.988Z] Jul 31, 2026 9:16:42 AM io.gapi.emulators.netty.HttpVersionRoutingHandler channelRead
INFO: Detected non-HTTP/2 connection.
 {"metadata":{"emulator":{"name":"firestore"},"message":"Jul 31, 2026 9:16:42 AM io.gapi.emulators.netty.HttpVersionRoutingHandler channelRead\nINFO: Detected non-HTTP/2 connection.\n"}}
[debug] [2026-07-31T16:16:42.996Z] Jul 31, 2026 9:16:42 AM io.gapi.emulators.netty.HttpVersionRoutingHandler channelRead
INFO: Detected non-HTTP/2 connection.
 {"metadata":{"emulator":{"name":"firestore"},"message":"Jul 31, 2026 9:16:42 AM io.gapi.emulators.netty.HttpVersionRoutingHandler channelRead\nINFO: Detected non-HTTP/2 connection.\n"}}
[debug] [2026-07-31T16:16:43.005Z] Jul 31, 2026 9:16:43 AM io.gapi.emulators.netty.HttpVersionRoutingHandler channelRead
INFO: Detected non-HTTP/2 connection.
 {"metadata":{"emulator":{"name":"firestore"},"message":"Jul 31, 2026 9:16:43 AM io.gapi.emulators.netty.HttpVersionRoutingHandler channelRead\nINFO: Detected non-HTTP/2 connection.\n"}}
[debug] [2026-07-31T16:16:43.008Z] Jul 31, 2026 9:16:43 AM io.gapi.emulators.netty.HttpVersionRoutingHandler channelRead
INFO: Detected non-HTTP/2 connection.
 {"metadata":{"emulator":{"name":"firestore"},"message":"Jul 31, 2026 9:16:43 AM io.gapi.emulators.netty.HttpVersionRoutingHandler channelRead\nINFO: Detected non-HTTP/2 connection.\n"}}
[debug] [2026-07-31T16:16:43.013Z] Jul 31, 2026 9:16:43 AM io.gapi.emulators.netty.HttpVersionRoutingHandler channelRead
INFO: Detected non-HTTP/2 connection.
 {"metadata":{"emulator":{"name":"firestore"},"message":"Jul 31, 2026 9:16:43 AM io.gapi.emulators.netty.HttpVersionRoutingHandler channelRead\nINFO: Detected non-HTTP/2 connection.\n"}}
[debug] [2026-07-31T16:16:43.019Z] Jul 31, 2026 9:16:43 AM io.gapi.emulators.netty.HttpVersionRoutingHandler channelRead
INFO: Detected non-HTTP/2 connection.
 {"metadata":{"emulator":{"name":"firestore"},"message":"Jul 31, 2026 9:16:43 AM io.gapi.emulators.netty.HttpVersionRoutingHandler channelRead\nINFO: Detected non-HTTP/2 connection.\n"}}
[debug] [2026-07-31T16:16:43.021Z] Jul 31, 2026 9:16:43 AM io.gapi.emulators.netty.HttpVersionRoutingHandler channelRead
INFO: Detected non-HTTP/2 connection.
 {"metadata":{"emulator":{"name":"firestore"},"message":"Jul 31, 2026 9:16:43 AM io.gapi.emulators.netty.HttpVersionRoutingHandler channelRead\nINFO: Detected non-HTTP/2 connection.\n"}}
[debug] [2026-07-31T16:16:43.029Z] Jul 31, 2026 9:16:43 AM io.gapi.emulators.netty.HttpVersionRoutingHandler channelRead
INFO: Detected non-HTTP/2 connection.
 {"metadata":{"emulator":{"name":"firestore"},"message":"Jul 31, 2026 9:16:43 AM io.gapi.emulators.netty.HttpVersionRoutingHandler channelRead\nINFO: Detected non-HTTP/2 connection.\n"}}
[debug] [2026-07-31T16:16:43.035Z] Jul 31, 2026 9:16:43 AM io.gapi.emulators.netty.HttpVersionRoutingHandler channelRead
INFO: Detected non-HTTP/2 connection.
 {"metadata":{"emulator":{"name":"firestore"},"message":"Jul 31, 2026 9:16:43 AM io.gapi.emulators.netty.HttpVersionRoutingHandler channelRead\nINFO: Detected non-HTTP/2 connection.\n"}}
[debug] [2026-07-31T16:16:43.038Z] Jul 31, 2026 9:16:43 AM io.gapi.emulators.netty.HttpVersionRoutingHandler channelRead
INFO: Detected non-HTTP/2 connection.
 {"metadata":{"emulator":{"name":"firestore"},"message":"Jul 31, 2026 9:16:43 AM io.gapi.emulators.netty.HttpVersionRoutingHandler channelRead\nINFO: Detected non-HTTP/2 connection.\n"}}
[debug] [2026-07-31T16:16:43.044Z] Jul 31, 2026 9:16:43 AM io.gapi.emulators.netty.HttpVersionRoutingHandler channelRead
INFO: Detected non-HTTP/2 connection.
 {"metadata":{"emulator":{"name":"firestore"},"message":"Jul 31, 2026 9:16:43 AM io.gapi.emulators.netty.HttpVersionRoutingHandler channelRead\nINFO: Detected non-HTTP/2 connection.\n"}}
[debug] [2026-07-31T16:16:43.050Z] Jul 31, 2026 9:16:43 AM io.gapi.emulators.netty.HttpVersionRoutingHandler channelRead
INFO: Detected non-HTTP/2 connection.
 {"metadata":{"emulator":{"name":"firestore"},"message":"Jul 31, 2026 9:16:43 AM io.gapi.emulators.netty.HttpVersionRoutingHandler channelRead\nINFO: Detected non-HTTP/2 connection.\n"}}
[debug] [2026-07-31T16:16:43.056Z] Jul 31, 2026 9:16:43 AM io.gapi.emulators.netty.HttpVersionRoutingHandler channelRead
INFO: Detected non-HTTP/2 connection.
 {"metadata":{"emulator":{"name":"firestore"},"message":"Jul 31, 2026 9:16:43 AM io.gapi.emulators.netty.HttpVersionRoutingHandler channelRead\nINFO: Detected non-HTTP/2 connection.\n"}}
[debug] [2026-07-31T16:16:46.094Z] Jul 31, 2026 9:16:46 AM io.gapi.emulators.netty.HttpVersionRoutingHandler channelRead
INFO: Detected non-HTTP/2 connection.
 {"metadata":{"emulator":{"name":"firestore"},"message":"Jul 31, 2026 9:16:46 AM io.gapi.emulators.netty.HttpVersionRoutingHandler channelRead\nINFO: Detected non-HTTP/2 connection.\n"}}
[debug] [2026-07-31T16:16:46.107Z] Jul 31, 2026 9:16:46 AM io.gapi.emulators.netty.HttpVersionRoutingHandler channelRead
INFO: Detected non-HTTP/2 connection.
 {"metadata":{"emulator":{"name":"firestore"},"message":"Jul 31, 2026 9:16:46 AM io.gapi.emulators.netty.HttpVersionRoutingHandler channelRead\nINFO: Detected non-HTTP/2 connection.\n"}}
[debug] [2026-07-31T16:16:48.693Z] Jul 31, 2026 9:16:48 AM io.gapi.emulators.netty.HttpVersionRoutingHandler channelRead
INFO: Detected non-HTTP/2 connection.
 {"metadata":{"emulator":{"name":"firestore"},"message":"Jul 31, 2026 9:16:48 AM io.gapi.emulators.netty.HttpVersionRoutingHandler channelRead\nINFO: Detected non-HTTP/2 connection.\n"}}
[debug] [2026-07-31T16:16:48.702Z] Jul 31, 2026 9:16:48 AM io.gapi.emulators.netty.HttpVersionRoutingHandler channelRead
INFO: Detected non-HTTP/2 connection.
 {"metadata":{"emulator":{"name":"firestore"},"message":"Jul 31, 2026 9:16:48 AM io.gapi.emulators.netty.HttpVersionRoutingHandler channelRead\nINFO: Detected non-HTTP/2 connection.\n"}}
[debug] [2026-07-31T16:16:48.713Z] Jul 31, 2026 9:16:48 AM io.gapi.emulators.netty.HttpVersionRoutingHandler channelRead
INFO: Detected non-HTTP/2 connection.
 {"metadata":{"emulator":{"name":"firestore"},"message":"Jul 31, 2026 9:16:48 AM io.gapi.emulators.netty.HttpVersionRoutingHandler channelRead\nINFO: Detected non-HTTP/2 connection.\n"}}
[debug] [2026-07-31T16:16:48.728Z] Jul 31, 2026 9:16:48 AM io.gapi.emulators.netty.HttpVersionRoutingHandler channelRead
INFO: Detected non-HTTP/2 connection.
 {"metadata":{"emulator":{"name":"firestore"},"message":"Jul 31, 2026 9:16:48 AM io.gapi.emulators.netty.HttpVersionRoutingHandler channelRead\nINFO: Detected non-HTTP/2 connection.\n"}}
[debug] [2026-07-31T16:16:48.731Z] Jul 31, 2026 9:16:48 AM io.gapi.emulators.netty.HttpVersionRoutingHandler channelRead
INFO: Detected non-HTTP/2 connection.
 {"metadata":{"emulator":{"name":"firestore"},"message":"Jul 31, 2026 9:16:48 AM io.gapi.emulators.netty.HttpVersionRoutingHandler channelRead\nINFO: Detected non-HTTP/2 connection.\n"}}
[debug] [2026-07-31T16:16:48.736Z] Jul 31, 2026 9:16:48 AM io.gapi.emulators.netty.HttpVersionRoutingHandler channelRead
INFO: Detected non-HTTP/2 connection.
 {"metadata":{"emulator":{"name":"firestore"},"message":"Jul 31, 2026 9:16:48 AM io.gapi.emulators.netty.HttpVersionRoutingHandler channelRead\nINFO: Detected non-HTTP/2 connection.\n"}}
[debug] [2026-07-31T16:16:48.740Z] Jul 31, 2026 9:16:48 AM io.gapi.emulators.netty.HttpVersionRoutingHandler channelRead
INFO: Detected non-HTTP/2 connection.
 {"metadata":{"emulator":{"name":"firestore"},"message":"Jul 31, 2026 9:16:48 AM io.gapi.emulators.netty.HttpVersionRoutingHandler channelRead\nINFO: Detected non-HTTP/2 connection.\n"}}
[debug] [2026-07-31T16:16:51.870Z] Jul 31, 2026 9:16:51 AM io.gapi.emulators.netty.HttpVersionRoutingHandler channelRead
INFO: Detected non-HTTP/2 connection.
 {"metadata":{"emulator":{"name":"firestore"},"message":"Jul 31, 2026 9:16:51 AM io.gapi.emulators.netty.HttpVersionRoutingHandler channelRead\nINFO: Detected non-HTTP/2 connection.\n"}}
[debug] [2026-07-31T16:16:51.887Z] Jul 31, 2026 9:16:51 AM io.gapi.emulators.netty.HttpVersionRoutingHandler channelRead
INFO: Detected non-HTTP/2 connection.
 {"metadata":{"emulator":{"name":"firestore"},"message":"Jul 31, 2026 9:16:51 AM io.gapi.emulators.netty.HttpVersionRoutingHandler channelRead\nINFO: Detected non-HTTP/2 connection.\n"}}
[debug] [2026-07-31T16:16:51.907Z] Jul 31, 2026 9:16:51 AM io.gapi.emulators.netty.HttpVersionRoutingHandler channelRead
INFO: Detected non-HTTP/2 connection.
 {"metadata":{"emulator":{"name":"firestore"},"message":"Jul 31, 2026 9:16:51 AM io.gapi.emulators.netty.HttpVersionRoutingHandler channelRead\nINFO: Detected non-HTTP/2 connection.\n"}}
[debug] [2026-07-31T16:16:51.911Z] Jul 31, 2026 9:16:51 AM io.gapi.emulators.netty.HttpVersionRoutingHandler channelRead
INFO: Detected non-HTTP/2 connection.
 {"metadata":{"emulator":{"name":"firestore"},"message":"Jul 31, 2026 9:16:51 AM io.gapi.emulators.netty.HttpVersionRoutingHandler channelRead\nINFO: Detected non-HTTP/2 connection.\n"}}
[debug] [2026-07-31T16:16:51.918Z] Jul 31, 2026 9:16:51 AM io.gapi.emulators.netty.HttpVersionRoutingHandler channelRead
INFO: Detected non-HTTP/2 connection.
 {"metadata":{"emulator":{"name":"firestore"},"message":"Jul 31, 2026 9:16:51 AM io.gapi.emulators.netty.HttpVersionRoutingHandler channelRead\nINFO: Detected non-HTTP/2 connection.\n"}}
[debug] [2026-07-31T16:16:55.478Z] Jul 31, 2026 9:16:55 AM io.gapi.emulators.netty.HttpVersionRoutingHandler channelRead
INFO: Detected non-HTTP/2 connection.
 {"metadata":{"emulator":{"name":"firestore"},"message":"Jul 31, 2026 9:16:55 AM io.gapi.emulators.netty.HttpVersionRoutingHandler channelRead\nINFO: Detected non-HTTP/2 connection.\n"}}
[debug] [2026-07-31T16:16:55.493Z] Jul 31, 2026 9:16:55 AM io.gapi.emulators.netty.HttpVersionRoutingHandler channelRead
INFO: Detected non-HTTP/2 connection.
 {"metadata":{"emulator":{"name":"firestore"},"message":"Jul 31, 2026 9:16:55 AM io.gapi.emulators.netty.HttpVersionRoutingHandler channelRead\nINFO: Detected non-HTTP/2 connection.\n"}}
[debug] [2026-07-31T16:16:55.504Z] Jul 31, 2026 9:16:55 AM io.gapi.emulators.netty.HttpVersionRoutingHandler channelRead
INFO: Detected non-HTTP/2 connection.
 {"metadata":{"emulator":{"name":"firestore"},"message":"Jul 31, 2026 9:16:55 AM io.gapi.emulators.netty.HttpVersionRoutingHandler channelRead\nINFO: Detected non-HTTP/2 connection.\n"}}
[debug] [2026-07-31T16:16:55.511Z] Jul 31, 2026 9:16:55 AM io.gapi.emulators.netty.HttpVersionRoutingHandler channelRead
INFO: Detected non-HTTP/2 connection.
 {"metadata":{"emulator":{"name":"firestore"},"message":"Jul 31, 2026 9:16:55 AM io.gapi.emulators.netty.HttpVersionRoutingHandler channelRead\nINFO: Detected non-HTTP/2 connection.\n"}}
[debug] [2026-07-31T16:16:57.040Z] Jul 31, 2026 9:16:57 AM io.gapi.emulators.netty.HttpVersionRoutingHandler channelRead
INFO: Detected non-HTTP/2 connection.
 {"metadata":{"emulator":{"name":"firestore"},"message":"Jul 31, 2026 9:16:57 AM io.gapi.emulators.netty.HttpVersionRoutingHandler channelRead\nINFO: Detected non-HTTP/2 connection.\n"}}
[debug] [2026-07-31T16:16:57.054Z] Jul 31, 2026 9:16:57 AM io.gapi.emulators.netty.HttpVersionRoutingHandler channelRead
INFO: Detected non-HTTP/2 connection.
 {"metadata":{"emulator":{"name":"firestore"},"message":"Jul 31, 2026 9:16:57 AM io.gapi.emulators.netty.HttpVersionRoutingHandler channelRead\nINFO: Detected non-HTTP/2 connection.\n"}}
[debug] [2026-07-31T16:16:57.065Z] Jul 31, 2026 9:16:57 AM io.gapi.emulators.netty.HttpVersionRoutingHandler channelRead
INFO: Detected non-HTTP/2 connection.
 {"metadata":{"emulator":{"name":"firestore"},"message":"Jul 31, 2026 9:16:57 AM io.gapi.emulators.netty.HttpVersionRoutingHandler channelRead\nINFO: Detected non-HTTP/2 connection.\n"}}
[debug] [2026-07-31T16:16:57.071Z] Jul 31, 2026 9:16:57 AM io.gapi.emulators.netty.HttpVersionRoutingHandler channelRead
INFO: Detected non-HTTP/2 connection.
 {"metadata":{"emulator":{"name":"firestore"},"message":"Jul 31, 2026 9:16:57 AM io.gapi.emulators.netty.HttpVersionRoutingHandler channelRead\nINFO: Detected non-HTTP/2 connection.\n"}}
[debug] [2026-07-31T16:16:57.077Z] Jul 31, 2026 9:16:57 AM io.gapi.emulators.netty.HttpVersionRoutingHandler channelRead
INFO: Detected non-HTTP/2 connection.
 {"metadata":{"emulator":{"name":"firestore"},"message":"Jul 31, 2026 9:16:57 AM io.gapi.emulators.netty.HttpVersionRoutingHandler channelRead\nINFO: Detected non-HTTP/2 connection.\n"}}
[debug] [2026-07-31T16:17:01.268Z] Jul 31, 2026 9:17:01 AM io.gapi.emulators.netty.HttpVersionRoutingHandler channelRead
INFO: Detected non-HTTP/2 connection.
 {"metadata":{"emulator":{"name":"firestore"},"message":"Jul 31, 2026 9:17:01 AM io.gapi.emulators.netty.HttpVersionRoutingHandler channelRead\nINFO: Detected non-HTTP/2 connection.\n"}}
[debug] [2026-07-31T16:17:01.282Z] Jul 31, 2026 9:17:01 AM io.gapi.emulators.netty.HttpVersionRoutingHandler channelRead
INFO: Detected non-HTTP/2 connection.
 {"metadata":{"emulator":{"name":"firestore"},"message":"Jul 31, 2026 9:17:01 AM io.gapi.emulators.netty.HttpVersionRoutingHandler channelRead\nINFO: Detected non-HTTP/2 connection.\n"}}
[debug] [2026-07-31T16:17:01.301Z] Jul 31, 2026 9:17:01 AM io.gapi.emulators.netty.HttpVersionRoutingHandler channelRead
INFO: Detected non-HTTP/2 connection.
 {"metadata":{"emulator":{"name":"firestore"},"message":"Jul 31, 2026 9:17:01 AM io.gapi.emulators.netty.HttpVersionRoutingHandler channelRead\nINFO: Detected non-HTTP/2 connection.\n"}}
[debug] [2026-07-31T16:17:01.308Z] Jul 31, 2026 9:17:01 AM io.gapi.emulators.netty.HttpVersionRoutingHandler channelRead
INFO: Detected non-HTTP/2 connection.
 {"metadata":{"emulator":{"name":"firestore"},"message":"Jul 31, 2026 9:17:01 AM io.gapi.emulators.netty.HttpVersionRoutingHandler channelRead\nINFO: Detected non-HTTP/2 connection.\n"}}
[debug] [2026-07-31T16:17:01.316Z] Jul 31, 2026 9:17:01 AM io.gapi.emulators.netty.HttpVersionRoutingHandler channelRead
INFO: Detected non-HTTP/2 connection.
 {"metadata":{"emulator":{"name":"firestore"},"message":"Jul 31, 2026 9:17:01 AM io.gapi.emulators.netty.HttpVersionRoutingHandler channelRead\nINFO: Detected non-HTTP/2 connection.\n"}}
[debug] [2026-07-31T16:17:01.320Z] Jul 31, 2026 9:17:01 AM io.gapi.emulators.netty.HttpVersionRoutingHandler channelRead
INFO: Detected non-HTTP/2 connection.
 {"metadata":{"emulator":{"name":"firestore"},"message":"Jul 31, 2026 9:17:01 AM io.gapi.emulators.netty.HttpVersionRoutingHandler channelRead\nINFO: Detected non-HTTP/2 connection.\n"}}
[debug] [2026-07-31T16:17:01.323Z] Jul 31, 2026 9:17:01 AM io.gapi.emulators.netty.HttpVersionRoutingHandler channelRead
INFO: Detected non-HTTP/2 connection.
 {"metadata":{"emulator":{"name":"firestore"},"message":"Jul 31, 2026 9:17:01 AM io.gapi.emulators.netty.HttpVersionRoutingHandler channelRead\nINFO: Detected non-HTTP/2 connection.\n"}}
[debug] [2026-07-31T16:17:01.328Z] Jul 31, 2026 9:17:01 AM io.gapi.emulators.netty.HttpVersionRoutingHandler channelRead
INFO: Detected non-HTTP/2 connection.
 {"metadata":{"emulator":{"name":"firestore"},"message":"Jul 31, 2026 9:17:01 AM io.gapi.emulators.netty.HttpVersionRoutingHandler channelRead\nINFO: Detected non-HTTP/2 connection.\n"}}
[debug] [2026-07-31T16:17:01.332Z] Jul 31, 2026 9:17:01 AM io.gapi.emulators.netty.HttpVersionRoutingHandler channelRead
INFO: Detected non-HTTP/2 connection.
 {"metadata":{"emulator":{"name":"firestore"},"message":"Jul 31, 2026 9:17:01 AM io.gapi.emulators.netty.HttpVersionRoutingHandler channelRead\nINFO: Detected non-HTTP/2 connection.\n"}}
[debug] [2026-07-31T16:17:01.335Z] Jul 31, 2026 9:17:01 AM io.gapi.emulators.netty.HttpVersionRoutingHandler channelRead
INFO: Detected non-HTTP/2 connection.
 {"metadata":{"emulator":{"name":"firestore"},"message":"Jul 31, 2026 9:17:01 AM io.gapi.emulators.netty.HttpVersionRoutingHandler channelRead\nINFO: Detected non-HTTP/2 connection.\n"}}
[debug] [2026-07-31T16:17:01.342Z] Jul 31, 2026 9:17:01 AM io.gapi.emulators.netty.HttpVersionRoutingHandler channelRead
INFO: Detected non-HTTP/2 connection.
 {"metadata":{"emulator":{"name":"firestore"},"message":"Jul 31, 2026 9:17:01 AM io.gapi.emulators.netty.HttpVersionRoutingHandler channelRead\nINFO: Detected non-HTTP/2 connection.\n"}}
[debug] [2026-07-31T16:17:01.347Z] Jul 31, 2026 9:17:01 AM io.gapi.emulators.netty.HttpVersionRoutingHandler channelRead
INFO: Detected non-HTTP/2 connection.
 {"metadata":{"emulator":{"name":"firestore"},"message":"Jul 31, 2026 9:17:01 AM io.gapi.emulators.netty.HttpVersionRoutingHandler channelRead\nINFO: Detected non-HTTP/2 connection.\n"}}
[debug] [2026-07-31T16:17:01.350Z] Jul 31, 2026 9:17:01 AM io.gapi.emulators.netty.HttpVersionRoutingHandler channelRead
INFO: Detected non-HTTP/2 connection.
 {"metadata":{"emulator":{"name":"firestore"},"message":"Jul 31, 2026 9:17:01 AM io.gapi.emulators.netty.HttpVersionRoutingHandler channelRead\nINFO: Detected non-HTTP/2 connection.\n"}}
[debug] [2026-07-31T16:17:01.356Z] Jul 31, 2026 9:17:01 AM io.gapi.emulators.netty.HttpVersionRoutingHandler channelRead
INFO: Detected non-HTTP/2 connection.
 {"metadata":{"emulator":{"name":"firestore"},"message":"Jul 31, 2026 9:17:01 AM io.gapi.emulators.netty.HttpVersionRoutingHandler channelRead\nINFO: Detected non-HTTP/2 connection.\n"}}
[debug] [2026-07-31T16:17:01.361Z] Jul 31, 2026 9:17:01 AM io.gapi.emulators.netty.HttpVersionRoutingHandler channelRead
INFO: Detected non-HTTP/2 connection.
 {"metadata":{"emulator":{"name":"firestore"},"message":"Jul 31, 2026 9:17:01 AM io.gapi.emulators.netty.HttpVersionRoutingHandler channelRead\nINFO: Detected non-HTTP/2 connection.\n"}}
[debug] [2026-07-31T16:17:01.364Z] Jul 31, 2026 9:17:01 AM io.gapi.emulators.netty.HttpVersionRoutingHandler channelRead
INFO: Detected non-HTTP/2 connection.
 {"metadata":{"emulator":{"name":"firestore"},"message":"Jul 31, 2026 9:17:01 AM io.gapi.emulators.netty.HttpVersionRoutingHandler channelRead\nINFO: Detected non-HTTP/2 connection.\n"}}
[debug] [2026-07-31T16:17:06.697Z] Jul 31, 2026 9:17:06 AM io.gapi.emulators.netty.HttpVersionRoutingHandler channelRead
INFO: Detected non-HTTP/2 connection.
 {"metadata":{"emulator":{"name":"firestore"},"message":"Jul 31, 2026 9:17:06 AM io.gapi.emulators.netty.HttpVersionRoutingHandler channelRead\nINFO: Detected non-HTTP/2 connection.\n"}}
[debug] [2026-07-31T16:17:06.706Z] Jul 31, 2026 9:17:06 AM io.gapi.emulators.netty.HttpVersionRoutingHandler channelRead
INFO: Detected non-HTTP/2 connection.
 {"metadata":{"emulator":{"name":"firestore"},"message":"Jul 31, 2026 9:17:06 AM io.gapi.emulators.netty.HttpVersionRoutingHandler channelRead\nINFO: Detected non-HTTP/2 connection.\n"}}
[debug] [2026-07-31T16:17:06.715Z] Jul 31, 2026 9:17:06 AM io.gapi.emulators.netty.HttpVersionRoutingHandler channelRead
INFO: Detected non-HTTP/2 connection.
 {"metadata":{"emulator":{"name":"firestore"},"message":"Jul 31, 2026 9:17:06 AM io.gapi.emulators.netty.HttpVersionRoutingHandler channelRead\nINFO: Detected non-HTTP/2 connection.\n"}}
[debug] [2026-07-31T16:17:06.718Z] Jul 31, 2026 9:17:06 AM io.gapi.emulators.netty.HttpVersionRoutingHandler channelRead
INFO: Detected non-HTTP/2 connection.
 {"metadata":{"emulator":{"name":"firestore"},"message":"Jul 31, 2026 9:17:06 AM io.gapi.emulators.netty.HttpVersionRoutingHandler channelRead\nINFO: Detected non-HTTP/2 connection.\n"}}
[debug] [2026-07-31T16:17:19.168Z] Jul 31, 2026 9:17:19 AM io.gapi.emulators.netty.HttpVersionRoutingHandler channelRead
INFO: Detected non-HTTP/2 connection.
 {"metadata":{"emulator":{"name":"firestore"},"message":"Jul 31, 2026 9:17:19 AM io.gapi.emulators.netty.HttpVersionRoutingHandler channelRead\nINFO: Detected non-HTTP/2 connection.\n"}}
[debug] [2026-07-31T16:17:19.177Z] Jul 31, 2026 9:17:19 AM io.gapi.emulators.netty.HttpVersionRoutingHandler channelRead
INFO: Detected non-HTTP/2 connection.
 {"metadata":{"emulator":{"name":"firestore"},"message":"Jul 31, 2026 9:17:19 AM io.gapi.emulators.netty.HttpVersionRoutingHandler channelRead\nINFO: Detected non-HTTP/2 connection.\n"}}
[debug] [2026-07-31T16:17:19.178Z] Jul 31, 2026 9:17:19 AM io.gapi.emulators.netty.HttpVersionRoutingHandler channelRead
INFO: Detected non-HTTP/2 connection.
 {"metadata":{"emulator":{"name":"firestore"},"message":"Jul 31, 2026 9:17:19 AM io.gapi.emulators.netty.HttpVersionRoutingHandler channelRead\nINFO: Detected non-HTTP/2 connection.\n"}}
[debug] [2026-07-31T16:17:19.188Z] Jul 31, 2026 9:17:19 AM io.gapi.emulators.netty.HttpVersionRoutingHandler channelRead
INFO: Detected non-HTTP/2 connection.
 {"metadata":{"emulator":{"name":"firestore"},"message":"Jul 31, 2026 9:17:19 AM io.gapi.emulators.netty.HttpVersionRoutingHandler channelRead\nINFO: Detected non-HTTP/2 connection.\n"}}
[debug] [2026-07-31T16:17:19.191Z] Jul 31, 2026 9:17:19 AM io.gapi.emulators.netty.HttpVersionRoutingHandler channelRead
INFO: Detected non-HTTP/2 connection.
 {"metadata":{"emulator":{"name":"firestore"},"message":"Jul 31, 2026 9:17:19 AM io.gapi.emulators.netty.HttpVersionRoutingHandler channelRead\nINFO: Detected non-HTTP/2 connection.\n"}}
[debug] [2026-07-31T16:17:21.013Z] Jul 31, 2026 9:17:21 AM io.gapi.emulators.netty.HttpVersionRoutingHandler channelRead
INFO: Detected non-HTTP/2 connection.
 {"metadata":{"emulator":{"name":"firestore"},"message":"Jul 31, 2026 9:17:21 AM io.gapi.emulators.netty.HttpVersionRoutingHandler channelRead\nINFO: Detected non-HTTP/2 connection.\n"}}
[debug] [2026-07-31T16:17:21.032Z] Jul 31, 2026 9:17:21 AM io.gapi.emulators.netty.HttpVersionRoutingHandler channelRead
INFO: Detected non-HTTP/2 connection.
 {"metadata":{"emulator":{"name":"firestore"},"message":"Jul 31, 2026 9:17:21 AM io.gapi.emulators.netty.HttpVersionRoutingHandler channelRead\nINFO: Detected non-HTTP/2 connection.\n"}}
[debug] [2026-07-31T16:17:21.045Z] Jul 31, 2026 9:17:21 AM io.gapi.emulators.netty.HttpVersionRoutingHandler channelRead
INFO: Detected non-HTTP/2 connection.
 {"metadata":{"emulator":{"name":"firestore"},"message":"Jul 31, 2026 9:17:21 AM io.gapi.emulators.netty.HttpVersionRoutingHandler channelRead\nINFO: Detected non-HTTP/2 connection.\n"}}
[debug] [2026-07-31T16:17:21.056Z] Jul 31, 2026 9:17:21 AM io.gapi.emulators.netty.HttpVersionRoutingHandler channelRead
INFO: Detected non-HTTP/2 connection.
 {"metadata":{"emulator":{"name":"firestore"},"message":"Jul 31, 2026 9:17:21 AM io.gapi.emulators.netty.HttpVersionRoutingHandler channelRead\nINFO: Detected non-HTTP/2 connection.\n"}}
[debug] [2026-07-31T16:17:22.542Z] Jul 31, 2026 9:17:22 AM io.gapi.emulators.netty.HttpVersionRoutingHandler channelRead
INFO: Detected non-HTTP/2 connection.
 {"metadata":{"emulator":{"name":"firestore"},"message":"Jul 31, 2026 9:17:22 AM io.gapi.emulators.netty.HttpVersionRoutingHandler channelRead\nINFO: Detected non-HTTP/2 connection.\n"}}
[debug] [2026-07-31T16:17:22.553Z] Jul 31, 2026 9:17:22 AM io.gapi.emulators.netty.HttpVersionRoutingHandler channelRead
INFO: Detected non-HTTP/2 connection.
 {"metadata":{"emulator":{"name":"firestore"},"message":"Jul 31, 2026 9:17:22 AM io.gapi.emulators.netty.HttpVersionRoutingHandler channelRead\nINFO: Detected non-HTTP/2 connection.\n"}}
[debug] [2026-07-31T16:17:22.569Z] Jul 31, 2026 9:17:22 AM io.gapi.emulators.netty.HttpVersionRoutingHandler channelRead
INFO: Detected non-HTTP/2 connection.
 {"metadata":{"emulator":{"name":"firestore"},"message":"Jul 31, 2026 9:17:22 AM io.gapi.emulators.netty.HttpVersionRoutingHandler channelRead\nINFO: Detected non-HTTP/2 connection.\n"}}
[debug] [2026-07-31T16:17:22.581Z] Jul 31, 2026 9:17:22 AM io.gapi.emulators.netty.HttpVersionRoutingHandler channelRead
INFO: Detected non-HTTP/2 connection.
 {"metadata":{"emulator":{"name":"firestore"},"message":"Jul 31, 2026 9:17:22 AM io.gapi.emulators.netty.HttpVersionRoutingHandler channelRead\nINFO: Detected non-HTTP/2 connection.\n"}}
[debug] [2026-07-31T16:17:22.585Z] Jul 31, 2026 9:17:22 AM io.gapi.emulators.netty.HttpVersionRoutingHandler channelRead
INFO: Detected non-HTTP/2 connection.
 {"metadata":{"emulator":{"name":"firestore"},"message":"Jul 31, 2026 9:17:22 AM io.gapi.emulators.netty.HttpVersionRoutingHandler channelRead\nINFO: Detected non-HTTP/2 connection.\n"}}
[debug] [2026-07-31T16:17:22.595Z] Jul 31, 2026 9:17:22 AM io.gapi.emulators.netty.HttpVersionRoutingHandler channelRead
INFO: Detected non-HTTP/2 connection.
 {"metadata":{"emulator":{"name":"firestore"},"message":"Jul 31, 2026 9:17:22 AM io.gapi.emulators.netty.HttpVersionRoutingHandler channelRead\nINFO: Detected non-HTTP/2 connection.\n"}}
[debug] [2026-07-31T16:17:22.597Z] Jul 31, 2026 9:17:22 AM io.gapi.emulators.netty.HttpVersionRoutingHandler channelRead
INFO: Detected non-HTTP/2 connection.
 {"metadata":{"emulator":{"name":"firestore"},"message":"Jul 31, 2026 9:17:22 AM io.gapi.emulators.netty.HttpVersionRoutingHandler channelRead\nINFO: Detected non-HTTP/2 connection.\n"}}
[debug] [2026-07-31T16:17:22.606Z] Jul 31, 2026 9:17:22 AM io.gapi.emulators.netty.HttpVersionRoutingHandler channelRead
INFO: Detected non-HTTP/2 connection.
 {"metadata":{"emulator":{"name":"firestore"},"message":"Jul 31, 2026 9:17:22 AM io.gapi.emulators.netty.HttpVersionRoutingHandler channelRead\nINFO: Detected non-HTTP/2 connection.\n"}}
[debug] [2026-07-31T16:17:22.608Z] Jul 31, 2026 9:17:22 AM io.gapi.emulators.netty.HttpVersionRoutingHandler channelRead
INFO: Detected non-HTTP/2 connection.
 {"metadata":{"emulator":{"name":"firestore"},"message":"Jul 31, 2026 9:17:22 AM io.gapi.emulators.netty.HttpVersionRoutingHandler channelRead\nINFO: Detected non-HTTP/2 connection.\n"}}
[debug] [2026-07-31T16:17:22.613Z] Jul 31, 2026 9:17:22 AM io.gapi.emulators.netty.HttpVersionRoutingHandler channelRead
INFO: Detected non-HTTP/2 connection.
 {"metadata":{"emulator":{"name":"firestore"},"message":"Jul 31, 2026 9:17:22 AM io.gapi.emulators.netty.HttpVersionRoutingHandler channelRead\nINFO: Detected non-HTTP/2 connection.\n"}}
[debug] [2026-07-31T16:17:22.616Z] Jul 31, 2026 9:17:22 AM io.gapi.emulators.netty.HttpVersionRoutingHandler channelRead
INFO: Detected non-HTTP/2 connection.
 {"metadata":{"emulator":{"name":"firestore"},"message":"Jul 31, 2026 9:17:22 AM io.gapi.emulators.netty.HttpVersionRoutingHandler channelRead\nINFO: Detected non-HTTP/2 connection.\n"}}
[debug] [2026-07-31T16:17:22.620Z] Jul 31, 2026 9:17:22 AM io.gapi.emulators.netty.HttpVersionRoutingHandler channelRead
INFO: Detected non-HTTP/2 connection.
 {"metadata":{"emulator":{"name":"firestore"},"message":"Jul 31, 2026 9:17:22 AM io.gapi.emulators.netty.HttpVersionRoutingHandler channelRead\nINFO: Detected non-HTTP/2 connection.\n"}}
[debug] [2026-07-31T16:17:22.629Z] Jul 31, 2026 9:17:22 AM io.gapi.emulators.netty.HttpVersionRoutingHandler channelRead
INFO: Detected non-HTTP/2 connection.
 {"metadata":{"emulator":{"name":"firestore"},"message":"Jul 31, 2026 9:17:22 AM io.gapi.emulators.netty.HttpVersionRoutingHandler channelRead\nINFO: Detected non-HTTP/2 connection.\n"}}
[debug] [2026-07-31T16:17:22.631Z] Jul 31, 2026 9:17:22 AM io.gapi.emulators.netty.HttpVersionRoutingHandler channelRead
INFO: Detected non-HTTP/2 connection.
 {"metadata":{"emulator":{"name":"firestore"},"message":"Jul 31, 2026 9:17:22 AM io.gapi.emulators.netty.HttpVersionRoutingHandler channelRead\nINFO: Detected non-HTTP/2 connection.\n"}}
[debug] [2026-07-31T16:17:22.639Z] Jul 31, 2026 9:17:22 AM io.gapi.emulators.netty.HttpVersionRoutingHandler channelRead
INFO: Detected non-HTTP/2 connection.
 {"metadata":{"emulator":{"name":"firestore"},"message":"Jul 31, 2026 9:17:22 AM io.gapi.emulators.netty.HttpVersionRoutingHandler channelRead\nINFO: Detected non-HTTP/2 connection.\n"}}
[debug] [2026-07-31T16:17:22.641Z] Jul 31, 2026 9:17:22 AM io.gapi.emulators.netty.HttpVersionRoutingHandler channelRead
INFO: Detected non-HTTP/2 connection.
 {"metadata":{"emulator":{"name":"firestore"},"message":"Jul 31, 2026 9:17:22 AM io.gapi.emulators.netty.HttpVersionRoutingHandler channelRead\nINFO: Detected non-HTTP/2 connection.\n"}}
[debug] [2026-07-31T16:17:22.648Z] Jul 31, 2026 9:17:22 AM io.gapi.emulators.netty.HttpVersionRoutingHandler channelRead
INFO: Detected non-HTTP/2 connection.
 {"metadata":{"emulator":{"name":"firestore"},"message":"Jul 31, 2026 9:17:22 AM io.gapi.emulators.netty.HttpVersionRoutingHandler channelRead\nINFO: Detected non-HTTP/2 connection.\n"}}
[debug] [2026-07-31T16:17:22.650Z] Jul 31, 2026 9:17:22 AM io.gapi.emulators.netty.HttpVersionRoutingHandler channelRead
INFO: Detected non-HTTP/2 connection.
 {"metadata":{"emulator":{"name":"firestore"},"message":"Jul 31, 2026 9:17:22 AM io.gapi.emulators.netty.HttpVersionRoutingHandler channelRead\nINFO: Detected non-HTTP/2 connection.\n"}}
[debug] [2026-07-31T16:17:22.658Z] Jul 31, 2026 9:17:22 AM io.gapi.emulators.netty.HttpVersionRoutingHandler channelRead
INFO: Detected non-HTTP/2 connection.
 {"metadata":{"emulator":{"name":"firestore"},"message":"Jul 31, 2026 9:17:22 AM io.gapi.emulators.netty.HttpVersionRoutingHandler channelRead\nINFO: Detected non-HTTP/2 connection.\n"}}
[debug] [2026-07-31T16:17:23.605Z] Jul 31, 2026 9:17:23 AM io.gapi.emulators.netty.HttpVersionRoutingHandler channelRead
INFO: Detected non-HTTP/2 connection.
 {"metadata":{"emulator":{"name":"firestore"},"message":"Jul 31, 2026 9:17:23 AM io.gapi.emulators.netty.HttpVersionRoutingHandler channelRead\nINFO: Detected non-HTTP/2 connection.\n"}}
[debug] [2026-07-31T16:17:23.617Z] Jul 31, 2026 9:17:23 AM io.gapi.emulators.netty.HttpVersionRoutingHandler channelRead
INFO: Detected non-HTTP/2 connection.
 {"metadata":{"emulator":{"name":"firestore"},"message":"Jul 31, 2026 9:17:23 AM io.gapi.emulators.netty.HttpVersionRoutingHandler channelRead\nINFO: Detected non-HTTP/2 connection.\n"}}
[debug] [2026-07-31T16:17:23.627Z] Jul 31, 2026 9:17:23 AM io.gapi.emulators.netty.HttpVersionRoutingHandler channelRead
INFO: Detected non-HTTP/2 connection.
 {"metadata":{"emulator":{"name":"firestore"},"message":"Jul 31, 2026 9:17:23 AM io.gapi.emulators.netty.HttpVersionRoutingHandler channelRead\nINFO: Detected non-HTTP/2 connection.\n"}}
[debug] [2026-07-31T16:17:23.631Z] Jul 31, 2026 9:17:23 AM io.gapi.emulators.netty.HttpVersionRoutingHandler channelRead
INFO: Detected non-HTTP/2 connection.
 {"metadata":{"emulator":{"name":"firestore"},"message":"Jul 31, 2026 9:17:23 AM io.gapi.emulators.netty.HttpVersionRoutingHandler channelRead\nINFO: Detected non-HTTP/2 connection.\n"}}
[debug] [2026-07-31T16:17:23.638Z] Jul 31, 2026 9:17:23 AM io.gapi.emulators.netty.HttpVersionRoutingHandler channelRead
INFO: Detected non-HTTP/2 connection.
 {"metadata":{"emulator":{"name":"firestore"},"message":"Jul 31, 2026 9:17:23 AM io.gapi.emulators.netty.HttpVersionRoutingHandler channelRead\nINFO: Detected non-HTTP/2 connection.\n"}}
[debug] [2026-07-31T16:17:35.126Z] Jul 31, 2026 9:17:35 AM io.gapi.emulators.netty.HttpVersionRoutingHandler channelRead
INFO: Detected non-HTTP/2 connection.
 {"metadata":{"emulator":{"name":"firestore"},"message":"Jul 31, 2026 9:17:35 AM io.gapi.emulators.netty.HttpVersionRoutingHandler channelRead\nINFO: Detected non-HTTP/2 connection.\n"}}
[debug] [2026-07-31T16:17:35.143Z] Jul 31, 2026 9:17:35 AM io.gapi.emulators.netty.HttpVersionRoutingHandler channelRead
INFO: Detected non-HTTP/2 connection.
 {"metadata":{"emulator":{"name":"firestore"},"message":"Jul 31, 2026 9:17:35 AM io.gapi.emulators.netty.HttpVersionRoutingHandler channelRead\nINFO: Detected non-HTTP/2 connection.\n"}}
[debug] [2026-07-31T16:17:35.160Z] Jul 31, 2026 9:17:35 AM io.gapi.emulators.netty.HttpVersionRoutingHandler channelRead
INFO: Detected non-HTTP/2 connection.
 {"metadata":{"emulator":{"name":"firestore"},"message":"Jul 31, 2026 9:17:35 AM io.gapi.emulators.netty.HttpVersionRoutingHandler channelRead\nINFO: Detected non-HTTP/2 connection.\n"}}
[debug] [2026-07-31T16:17:35.169Z] Jul 31, 2026 9:17:35 AM io.gapi.emulators.netty.HttpVersionRoutingHandler channelRead
INFO: Detected non-HTTP/2 connection.
 {"metadata":{"emulator":{"name":"firestore"},"message":"Jul 31, 2026 9:17:35 AM io.gapi.emulators.netty.HttpVersionRoutingHandler channelRead\nINFO: Detected non-HTTP/2 connection.\n"}}
[debug] [2026-07-31T16:17:35.173Z] Jul 31, 2026 9:17:35 AM io.gapi.emulators.netty.HttpVersionRoutingHandler channelRead
INFO: Detected non-HTTP/2 connection.
 {"metadata":{"emulator":{"name":"firestore"},"message":"Jul 31, 2026 9:17:35 AM io.gapi.emulators.netty.HttpVersionRoutingHandler channelRead\nINFO: Detected non-HTTP/2 connection.\n"}}
[debug] [2026-07-31T16:17:35.180Z] Jul 31, 2026 9:17:35 AM io.gapi.emulators.netty.HttpVersionRoutingHandler channelRead
INFO: Detected non-HTTP/2 connection.
 {"metadata":{"emulator":{"name":"firestore"},"message":"Jul 31, 2026 9:17:35 AM io.gapi.emulators.netty.HttpVersionRoutingHandler channelRead\nINFO: Detected non-HTTP/2 connection.\n"}}
[debug] [2026-07-31T16:17:39.881Z] Jul 31, 2026 9:17:39 AM io.gapi.emulators.netty.HttpVersionRoutingHandler channelRead
INFO: Detected non-HTTP/2 connection.
 {"metadata":{"emulator":{"name":"firestore"},"message":"Jul 31, 2026 9:17:39 AM io.gapi.emulators.netty.HttpVersionRoutingHandler channelRead\nINFO: Detected non-HTTP/2 connection.\n"}}
[debug] [2026-07-31T16:17:39.891Z] Jul 31, 2026 9:17:39 AM io.gapi.emulators.netty.HttpVersionRoutingHandler channelRead
INFO: Detected non-HTTP/2 connection.
 {"metadata":{"emulator":{"name":"firestore"},"message":"Jul 31, 2026 9:17:39 AM io.gapi.emulators.netty.HttpVersionRoutingHandler channelRead\nINFO: Detected non-HTTP/2 connection.\n"}}
[debug] [2026-07-31T16:17:39.902Z] Jul 31, 2026 9:17:39 AM io.gapi.emulators.netty.HttpVersionRoutingHandler channelRead
INFO: Detected non-HTTP/2 connection.
 {"metadata":{"emulator":{"name":"firestore"},"message":"Jul 31, 2026 9:17:39 AM io.gapi.emulators.netty.HttpVersionRoutingHandler channelRead\nINFO: Detected non-HTTP/2 connection.\n"}}
[debug] [2026-07-31T16:17:39.909Z] Jul 31, 2026 9:17:39 AM io.gapi.emulators.netty.HttpVersionRoutingHandler channelRead
INFO: Detected non-HTTP/2 connection.
 {"metadata":{"emulator":{"name":"firestore"},"message":"Jul 31, 2026 9:17:39 AM io.gapi.emulators.netty.HttpVersionRoutingHandler channelRead\nINFO: Detected non-HTTP/2 connection.\n"}}
[debug] [2026-07-31T16:17:39.915Z] Jul 31, 2026 9:17:39 AM io.gapi.emulators.netty.HttpVersionRoutingHandler channelRead
INFO: Detected non-HTTP/2 connection.
 {"metadata":{"emulator":{"name":"firestore"},"message":"Jul 31, 2026 9:17:39 AM io.gapi.emulators.netty.HttpVersionRoutingHandler channelRead\nINFO: Detected non-HTTP/2 connection.\n"}}
[debug] [2026-07-31T16:17:39.922Z] Jul 31, 2026 9:17:39 AM io.gapi.emulators.netty.HttpVersionRoutingHandler channelRead
INFO: Detected non-HTTP/2 connection.
 {"metadata":{"emulator":{"name":"firestore"},"message":"Jul 31, 2026 9:17:39 AM io.gapi.emulators.netty.HttpVersionRoutingHandler channelRead\nINFO: Detected non-HTTP/2 connection.\n"}}
[debug] [2026-07-31T16:17:39.925Z] Jul 31, 2026 9:17:39 AM io.gapi.emulators.netty.HttpVersionRoutingHandler channelRead
INFO: Detected non-HTTP/2 connection.
 {"metadata":{"emulator":{"name":"firestore"},"message":"Jul 31, 2026 9:17:39 AM io.gapi.emulators.netty.HttpVersionRoutingHandler channelRead\nINFO: Detected non-HTTP/2 connection.\n"}}
[debug] [2026-07-31T16:17:39.933Z] Jul 31, 2026 9:17:39 AM io.gapi.emulators.netty.HttpVersionRoutingHandler channelRead
INFO: Detected non-HTTP/2 connection.
 {"metadata":{"emulator":{"name":"firestore"},"message":"Jul 31, 2026 9:17:39 AM io.gapi.emulators.netty.HttpVersionRoutingHandler channelRead\nINFO: Detected non-HTTP/2 connection.\n"}}
[debug] [2026-07-31T16:17:39.935Z] Jul 31, 2026 9:17:39 AM io.gapi.emulators.netty.HttpVersionRoutingHandler channelRead
INFO: Detected non-HTTP/2 connection.
 {"metadata":{"emulator":{"name":"firestore"},"message":"Jul 31, 2026 9:17:39 AM io.gapi.emulators.netty.HttpVersionRoutingHandler channelRead\nINFO: Detected non-HTTP/2 connection.\n"}}
[debug] [2026-07-31T16:17:39.940Z] Jul 31, 2026 9:17:39 AM io.gapi.emulators.netty.HttpVersionRoutingHandler channelRead
INFO: Detected non-HTTP/2 connection.
 {"metadata":{"emulator":{"name":"firestore"},"message":"Jul 31, 2026 9:17:39 AM io.gapi.emulators.netty.HttpVersionRoutingHandler channelRead\nINFO: Detected non-HTTP/2 connection.\n"}}
[debug] [2026-07-31T16:17:39.942Z] Jul 31, 2026 9:17:39 AM io.gapi.emulators.netty.HttpVersionRoutingHandler channelRead
INFO: Detected non-HTTP/2 connection.
 {"metadata":{"emulator":{"name":"firestore"},"message":"Jul 31, 2026 9:17:39 AM io.gapi.emulators.netty.HttpVersionRoutingHandler channelRead\nINFO: Detected non-HTTP/2 connection.\n"}}
[debug] [2026-07-31T16:17:39.946Z] Jul 31, 2026 9:17:39 AM io.gapi.emulators.netty.HttpVersionRoutingHandler channelRead
INFO: Detected non-HTTP/2 connection.
 {"metadata":{"emulator":{"name":"firestore"},"message":"Jul 31, 2026 9:17:39 AM io.gapi.emulators.netty.HttpVersionRoutingHandler channelRead\nINFO: Detected non-HTTP/2 connection.\n"}}
[debug] [2026-07-31T16:17:39.948Z] Jul 31, 2026 9:17:39 AM io.gapi.emulators.netty.HttpVersionRoutingHandler channelRead
INFO: Detected non-HTTP/2 connection.
 {"metadata":{"emulator":{"name":"firestore"},"message":"Jul 31, 2026 9:17:39 AM io.gapi.emulators.netty.HttpVersionRoutingHandler channelRead\nINFO: Detected non-HTTP/2 connection.\n"}}
[debug] [2026-07-31T16:17:39.956Z] Jul 31, 2026 9:17:39 AM io.gapi.emulators.netty.HttpVersionRoutingHandler channelRead
INFO: Detected non-HTTP/2 connection.
 {"metadata":{"emulator":{"name":"firestore"},"message":"Jul 31, 2026 9:17:39 AM io.gapi.emulators.netty.HttpVersionRoutingHandler channelRead\nINFO: Detected non-HTTP/2 connection.\n"}}
[debug] [2026-07-31T16:17:39.959Z] Jul 31, 2026 9:17:39 AM io.gapi.emulators.netty.HttpVersionRoutingHandler channelRead
INFO: Detected non-HTTP/2 connection.
 {"metadata":{"emulator":{"name":"firestore"},"message":"Jul 31, 2026 9:17:39 AM io.gapi.emulators.netty.HttpVersionRoutingHandler channelRead\nINFO: Detected non-HTTP/2 connection.\n"}}
[debug] [2026-07-31T16:17:39.967Z] Jul 31, 2026 9:17:39 AM io.gapi.emulators.netty.HttpVersionRoutingHandler channelRead
INFO: Detected non-HTTP/2 connection.
 {"metadata":{"emulator":{"name":"firestore"},"message":"Jul 31, 2026 9:17:39 AM io.gapi.emulators.netty.HttpVersionRoutingHandler channelRead\nINFO: Detected non-HTTP/2 connection.\n"}}
[debug] [2026-07-31T16:17:39.969Z] Jul 31, 2026 9:17:39 AM io.gapi.emulators.netty.HttpVersionRoutingHandler channelRead
INFO: Detected non-HTTP/2 connection.
 {"metadata":{"emulator":{"name":"firestore"},"message":"Jul 31, 2026 9:17:39 AM io.gapi.emulators.netty.HttpVersionRoutingHandler channelRead\nINFO: Detected non-HTTP/2 connection.\n"}}
[debug] [2026-07-31T16:17:39.974Z] Jul 31, 2026 9:17:39 AM io.gapi.emulators.netty.HttpVersionRoutingHandler channelRead
INFO: Detected non-HTTP/2 connection.
 {"metadata":{"emulator":{"name":"firestore"},"message":"Jul 31, 2026 9:17:39 AM io.gapi.emulators.netty.HttpVersionRoutingHandler channelRead\nINFO: Detected non-HTTP/2 connection.\n"}}
[debug] [2026-07-31T16:17:39.976Z] Jul 31, 2026 9:17:39 AM io.gapi.emulators.netty.HttpVersionRoutingHandler channelRead
INFO: Detected non-HTTP/2 connection.
 {"metadata":{"emulator":{"name":"firestore"},"message":"Jul 31, 2026 9:17:39 AM io.gapi.emulators.netty.HttpVersionRoutingHandler channelRead\nINFO: Detected non-HTTP/2 connection.\n"}}
[debug] [2026-07-31T16:17:39.987Z] Jul 31, 2026 9:17:39 AM io.gapi.emulators.netty.HttpVersionRoutingHandler channelRead
INFO: Detected non-HTTP/2 connection.
 {"metadata":{"emulator":{"name":"firestore"},"message":"Jul 31, 2026 9:17:39 AM io.gapi.emulators.netty.HttpVersionRoutingHandler channelRead\nINFO: Detected non-HTTP/2 connection.\n"}}
[debug] [2026-07-31T16:17:41.587Z] Jul 31, 2026 9:17:41 AM io.gapi.emulators.netty.HttpVersionRoutingHandler channelRead
INFO: Detected non-HTTP/2 connection.
Jul 31, 2026 9:17:41 AM io.gapi.emulators.netty.HttpVersionRoutingHandler channelRead
INFO: Detected non-HTTP/2 connection.
 {"metadata":{"emulator":{"name":"firestore"},"message":"Jul 31, 2026 9:17:41 AM io.gapi.emulators.netty.HttpVersionRoutingHandler channelRead\nINFO: Detected non-HTTP/2 connection.\nJul 31, 2026 9:17:41 AM io.gapi.emulators.netty.HttpVersionRoutingHandler channelRead\nINFO: Detected non-HTTP/2 connection.\n"}}
[debug] [2026-07-31T16:17:41.789Z] Jul 31, 2026 9:17:41 AM io.gapi.emulators.netty.HttpVersionRoutingHandler channelRead
INFO: Detected non-HTTP/2 connection.
 {"metadata":{"emulator":{"name":"firestore"},"message":"Jul 31, 2026 9:17:41 AM io.gapi.emulators.netty.HttpVersionRoutingHandler channelRead\nINFO: Detected non-HTTP/2 connection.\n"}}
[debug] [2026-07-31T16:17:41.796Z] Jul 31, 2026 9:17:41 AM io.gapi.emulators.netty.HttpVersionRoutingHandler channelRead
INFO: Detected non-HTTP/2 connection.
 {"metadata":{"emulator":{"name":"firestore"},"message":"Jul 31, 2026 9:17:41 AM io.gapi.emulators.netty.HttpVersionRoutingHandler channelRead\nINFO: Detected non-HTTP/2 connection.\n"}}
[debug] [2026-07-31T16:17:41.799Z] Jul 31, 2026 9:17:41 AM io.gapi.emulators.netty.HttpVersionRoutingHandler channelRead
INFO: Detected non-HTTP/2 connection.
 {"metadata":{"emulator":{"name":"firestore"},"message":"Jul 31, 2026 9:17:41 AM io.gapi.emulators.netty.HttpVersionRoutingHandler channelRead\nINFO: Detected non-HTTP/2 connection.\n"}}
[debug] [2026-07-31T16:17:41.808Z] Jul 31, 2026 9:17:41 AM io.gapi.emulators.netty.HttpVersionRoutingHandler channelRead
INFO: Detected non-HTTP/2 connection.
 {"metadata":{"emulator":{"name":"firestore"},"message":"Jul 31, 2026 9:17:41 AM io.gapi.emulators.netty.HttpVersionRoutingHandler channelRead\nINFO: Detected non-HTTP/2 connection.\n"}}
[debug] [2026-07-31T16:17:41.821Z] Jul 31, 2026 9:17:41 AM io.gapi.emulators.netty.HttpVersionRoutingHandler channelRead
INFO: Detected non-HTTP/2 connection.
 {"metadata":{"emulator":{"name":"firestore"},"message":"Jul 31, 2026 9:17:41 AM io.gapi.emulators.netty.HttpVersionRoutingHandler channelRead\nINFO: Detected non-HTTP/2 connection.\n"}}
[debug] [2026-07-31T16:17:41.827Z] Jul 31, 2026 9:17:41 AM io.gapi.emulators.netty.HttpVersionRoutingHandler channelRead
INFO: Detected non-HTTP/2 connection.
 {"metadata":{"emulator":{"name":"firestore"},"message":"Jul 31, 2026 9:17:41 AM io.gapi.emulators.netty.HttpVersionRoutingHandler channelRead\nINFO: Detected non-HTTP/2 connection.\n"}}
[debug] [2026-07-31T16:17:41.837Z] Jul 31, 2026 9:17:41 AM io.gapi.emulators.netty.HttpVersionRoutingHandler channelRead
INFO: Detected non-HTTP/2 connection.
 {"metadata":{"emulator":{"name":"firestore"},"message":"Jul 31, 2026 9:17:41 AM io.gapi.emulators.netty.HttpVersionRoutingHandler channelRead\nINFO: Detected non-HTTP/2 connection.\n"}}
[debug] [2026-07-31T16:17:41.846Z] Jul 31, 2026 9:17:41 AM io.gapi.emulators.netty.HttpVersionRoutingHandler channelRead
INFO: Detected non-HTTP/2 connection.
 {"metadata":{"emulator":{"name":"firestore"},"message":"Jul 31, 2026 9:17:41 AM io.gapi.emulators.netty.HttpVersionRoutingHandler channelRead\nINFO: Detected non-HTTP/2 connection.\n"}}
[debug] [2026-07-31T16:17:41.863Z] Jul 31, 2026 9:17:41 AM io.gapi.emulators.netty.HttpVersionRoutingHandler channelRead
INFO: Detected non-HTTP/2 connection.
 {"metadata":{"emulator":{"name":"firestore"},"message":"Jul 31, 2026 9:17:41 AM io.gapi.emulators.netty.HttpVersionRoutingHandler channelRead\nINFO: Detected non-HTTP/2 connection.\n"}}
[debug] [2026-07-31T16:17:41.875Z] Jul 31, 2026 9:17:41 AM io.gapi.emulators.netty.HttpVersionRoutingHandler channelRead
INFO: Detected non-HTTP/2 connection.
 {"metadata":{"emulator":{"name":"firestore"},"message":"Jul 31, 2026 9:17:41 AM io.gapi.emulators.netty.HttpVersionRoutingHandler channelRead\nINFO: Detected non-HTTP/2 connection.\n"}}
[debug] [2026-07-31T16:17:41.883Z] Jul 31, 2026 9:17:41 AM io.gapi.emulators.netty.HttpVersionRoutingHandler channelRead
INFO: Detected non-HTTP/2 connection.
 {"metadata":{"emulator":{"name":"firestore"},"message":"Jul 31, 2026 9:17:41 AM io.gapi.emulators.netty.HttpVersionRoutingHandler channelRead\nINFO: Detected non-HTTP/2 connection.\n"}}
[debug] [2026-07-31T16:17:41.889Z] Jul 31, 2026 9:17:41 AM io.gapi.emulators.netty.HttpVersionRoutingHandler channelRead
INFO: Detected non-HTTP/2 connection.
 {"metadata":{"emulator":{"name":"firestore"},"message":"Jul 31, 2026 9:17:41 AM io.gapi.emulators.netty.HttpVersionRoutingHandler channelRead\nINFO: Detected non-HTTP/2 connection.\n"}}
[debug] [2026-07-31T16:17:41.895Z] Jul 31, 2026 9:17:41 AM io.gapi.emulators.netty.HttpVersionRoutingHandler channelRead
INFO: Detected non-HTTP/2 connection.
 {"metadata":{"emulator":{"name":"firestore"},"message":"Jul 31, 2026 9:17:41 AM io.gapi.emulators.netty.HttpVersionRoutingHandler channelRead\nINFO: Detected non-HTTP/2 connection.\n"}}
[debug] [2026-07-31T16:17:41.903Z] Jul 31, 2026 9:17:41 AM io.gapi.emulators.netty.HttpVersionRoutingHandler channelRead
INFO: Detected non-HTTP/2 connection.
 {"metadata":{"emulator":{"name":"firestore"},"message":"Jul 31, 2026 9:17:41 AM io.gapi.emulators.netty.HttpVersionRoutingHandler channelRead\nINFO: Detected non-HTTP/2 connection.\n"}}
[debug] [2026-07-31T16:17:41.909Z] Jul 31, 2026 9:17:41 AM io.gapi.emulators.netty.HttpVersionRoutingHandler channelRead
INFO: Detected non-HTTP/2 connection.
 {"metadata":{"emulator":{"name":"firestore"},"message":"Jul 31, 2026 9:17:41 AM io.gapi.emulators.netty.HttpVersionRoutingHandler channelRead\nINFO: Detected non-HTTP/2 connection.\n"}}
[debug] [2026-07-31T16:17:41.916Z] Jul 31, 2026 9:17:41 AM io.gapi.emulators.netty.HttpVersionRoutingHandler channelRead
INFO: Detected non-HTTP/2 connection.
 {"metadata":{"emulator":{"name":"firestore"},"message":"Jul 31, 2026 9:17:41 AM io.gapi.emulators.netty.HttpVersionRoutingHandler channelRead\nINFO: Detected non-HTTP/2 connection.\n"}}
[debug] [2026-07-31T16:17:41.922Z] Jul 31, 2026 9:17:41 AM io.gapi.emulators.netty.HttpVersionRoutingHandler channelRead
INFO: Detected non-HTTP/2 connection.
 {"metadata":{"emulator":{"name":"firestore"},"message":"Jul 31, 2026 9:17:41 AM io.gapi.emulators.netty.HttpVersionRoutingHandler channelRead\nINFO: Detected non-HTTP/2 connection.\n"}}
[debug] [2026-07-31T16:17:41.929Z] Jul 31, 2026 9:17:41 AM io.gapi.emulators.netty.HttpVersionRoutingHandler channelRead
INFO: Detected non-HTTP/2 connection.
 {"metadata":{"emulator":{"name":"firestore"},"message":"Jul 31, 2026 9:17:41 AM io.gapi.emulators.netty.HttpVersionRoutingHandler channelRead\nINFO: Detected non-HTTP/2 connection.\n"}}
[debug] [2026-07-31T16:17:41.934Z] Jul 31, 2026 9:17:41 AM io.gapi.emulators.netty.HttpVersionRoutingHandler channelRead
INFO: Detected non-HTTP/2 connection.
 {"metadata":{"emulator":{"name":"firestore"},"message":"Jul 31, 2026 9:17:41 AM io.gapi.emulators.netty.HttpVersionRoutingHandler channelRead\nINFO: Detected non-HTTP/2 connection.\n"}}
[debug] [2026-07-31T16:17:41.940Z] Jul 31, 2026 9:17:41 AM io.gapi.emulators.netty.HttpVersionRoutingHandler channelRead
INFO: Detected non-HTTP/2 connection.
 {"metadata":{"emulator":{"name":"firestore"},"message":"Jul 31, 2026 9:17:41 AM io.gapi.emulators.netty.HttpVersionRoutingHandler channelRead\nINFO: Detected non-HTTP/2 connection.\n"}}
[debug] [2026-07-31T16:17:41.949Z] Jul 31, 2026 9:17:41 AM io.gapi.emulators.netty.HttpVersionRoutingHandler channelRead
INFO: Detected non-HTTP/2 connection.
 {"metadata":{"emulator":{"name":"firestore"},"message":"Jul 31, 2026 9:17:41 AM io.gapi.emulators.netty.HttpVersionRoutingHandler channelRead\nINFO: Detected non-HTTP/2 connection.\n"}}
[debug] [2026-07-31T16:17:41.953Z] Jul 31, 2026 9:17:41 AM io.gapi.emulators.netty.HttpVersionRoutingHandler channelRead
INFO: Detected non-HTTP/2 connection.
 {"metadata":{"emulator":{"name":"firestore"},"message":"Jul 31, 2026 9:17:41 AM io.gapi.emulators.netty.HttpVersionRoutingHandler channelRead\nINFO: Detected non-HTTP/2 connection.\n"}}
[debug] [2026-07-31T16:17:41.968Z] Jul 31, 2026 9:17:41 AM io.gapi.emulators.netty.HttpVersionRoutingHandler channelRead
INFO: Detected non-HTTP/2 connection.
 {"metadata":{"emulator":{"name":"firestore"},"message":"Jul 31, 2026 9:17:41 AM io.gapi.emulators.netty.HttpVersionRoutingHandler channelRead\nINFO: Detected non-HTTP/2 connection.\n"}}
[debug] [2026-07-31T16:17:41.975Z] Jul 31, 2026 9:17:41 AM io.gapi.emulators.netty.HttpVersionRoutingHandler channelRead
INFO: Detected non-HTTP/2 connection.
 {"metadata":{"emulator":{"name":"firestore"},"message":"Jul 31, 2026 9:17:41 AM io.gapi.emulators.netty.HttpVersionRoutingHandler channelRead\nINFO: Detected non-HTTP/2 connection.\n"}}
[debug] [2026-07-31T16:17:41.982Z] Jul 31, 2026 9:17:41 AM io.gapi.emulators.netty.HttpVersionRoutingHandler channelRead
INFO: Detected non-HTTP/2 connection.
 {"metadata":{"emulator":{"name":"firestore"},"message":"Jul 31, 2026 9:17:41 AM io.gapi.emulators.netty.HttpVersionRoutingHandler channelRead\nINFO: Detected non-HTTP/2 connection.\n"}}
[debug] [2026-07-31T16:17:41.985Z] Jul 31, 2026 9:17:41 AM io.gapi.emulators.netty.HttpVersionRoutingHandler channelRead
INFO: Detected non-HTTP/2 connection.
 {"metadata":{"emulator":{"name":"firestore"},"message":"Jul 31, 2026 9:17:41 AM io.gapi.emulators.netty.HttpVersionRoutingHandler channelRead\nINFO: Detected non-HTTP/2 connection.\n"}}
[debug] [2026-07-31T16:17:41.994Z] Jul 31, 2026 9:17:41 AM io.gapi.emulators.netty.HttpVersionRoutingHandler channelRead
INFO: Detected non-HTTP/2 connection.
 {"metadata":{"emulator":{"name":"firestore"},"message":"Jul 31, 2026 9:17:41 AM io.gapi.emulators.netty.HttpVersionRoutingHandler channelRead\nINFO: Detected non-HTTP/2 connection.\n"}}
